전국,전국,0.00,0.00,0.00,0.00,0.00,0.00,0.00,0.00,0.00,0.00,0.00,0.00,0.00,0.00,0.00,0.00,0.00,335.48,0.29,0.00,0.45,0.37,0.46,3.38,32.32,104.47,94.14,0.00,0.00,0.00,0.11,0.01,4.79,0.04,56.72,0.04,428.70,7.20,0.30,3.95,0.17,99.69,6.22,5.80,0.68,0.00,0.22,61.76,1.10,0.06,0.00,3.80,0.84,0.00,1.31,0.73,0.00,0.34,0.00,0.03,0.08,2.45,0.02,11.15,0.05,0.09,
서울,서울,0.00,0.00,0.00,0.00,0.00,0.00,0.00,0.00,0.00,0.00,0.00,0.00,0.00,0.00,0.00,0.00,0.00,217.19,0.28,0.00,0.33,0.27,0.43,2.71,34.26,67.69,64.72,0.00,0.00,0.00,0.16,0.01,5.21,0.00,41.80,0.08,625.33,6.83,0.15,3.23,0.12,79.87,4.43,7.05,0.47,0.00,0.09,7.95,0.21,0.01,0.00,0.47,1.00,0.00,1.98,0.26,0.00,0.35,0.00,0.03,0.19,0.72,0.06,15.88,0.07,0.30,
서울,강남구,0.00,0.00,0.00,0.00,0.00,0.00,0.00,0.00,0.00,0.00,0.00,0.00,0.00,0.00,0.00,0.00,0.00,288.27,0.18,0.00,0.18,0.00,1.11,2.21,19.00,106.60,86.50,0.00,0.00,0.00,0.37,0.00,5.35,0.00,63.81,0.00,525.08,6.09,0.00,1.66,0.00,73.22,1.29,6.09,0.37,0.00,0.00,6.27,0.18,0.00,0.00,0.55,1.48,0.00,2.03,0.18,0.00,0.37,0.00,0.00,0.18,1.11,0.00,14.57,0.18,0.18,
서울,강동구,0.00,0.00,0.00,0.00,0.00,0.00,0.00,0.00,0.00,0.00,0.00,0.00,0.00,0.00,0.00,0.00,0.00,305.79,0.45,0.00,0.67,0.67,0.22,3.57,27.45,57.36,74.77,0.00,0.00,0.00,0.45,0.00,4.46,0.00,45.76,0.00,1016.03,11.16,0.22,3.35,0.22,56.47,2.90,11.83,0.67,0.00,0.00,7.37,0.22,0.00,0.00,0.00,1.79,0.00,1.79,0.00,0.00,0.45,0.00,0.00,0.00,0.89,0.00,12.05,0.00,0.00,
서울,강북구,0.00,0.00,0.00,0.00,0.00,0.00,0.00,0.00,0.00,0.00,0.00,0.00,0.00,0.00,0.00,0.00,0.00,179.42,0.00,0.00,0.32,0.00,0.64,1.93,40.19,52.09,53.38,0.00,0.00,0.00,0.00,0.00,4.18,0.00,60.45,0.00,102.89,7.40,0.00,1.29,0.00,104.82,3.86,6.75,0.32,0.00,0.00,8.04,0.32,0.00,0.00,0.32,1.29,0.00,1.61,0.00,0.00,0.00,0.00,0.32,0.00,0.96,0.00,12.22,0.32,0.00,
서울,강서구,0.00,0.00,0.00,0.00,0.00,0.00,0.00,0.00,0.00,0.00,0.00,0.00,0.00,0.00,0.00,0.00,0.00,220.65,0.00,0.00,0.85,0.68,0.51,3.07,52.22,73.72,57.34,0.00,0.00,0.00,0.17,0.00,4.44,0.00,23.21,0.00,307.51,8.53,0.00,3.41,0.17,57.17,9.22,6.31,1.37,0.00,0.17,8.02,0.17,0.00,0.00,0.51,0.68,0.00,2.05,0.51,0.00,0.17,0.00,0.00,0.17,0.17,0.17,12.29,0.00,0.34,
서울,관악구,0.00,0.00,0.00,0.00,0.00,0.00,0.00,0.00,0.00,0.00,0.00,0.00,0.00,0.00,0.00,0.00,0.00,133.85,0.00,0.00,0.40,0.40,0.60,3.01,29.34,28.34,53.46,0.00,0.00,0.00,0.40,0.00,5.63,0.00,20.50,0.00,232.33,10.25,0.80,5.23,0.00,72.55,3.42,7.64,0.40,0.00,0.00,18.09,0.60,0.00,0.00,0.60,1.41,0.00,2.81,0.00,0.00,0.20,0.00,0.00,0.00,1.41,0.00,39.39,0.00,0.00,
서울,광진구,0.00,0.00,0.00,0.00,0.00,0.00,0.00,0.00,0.00,0.00,0.00,0.00,0.00,0.00,0.00,0.00,0.00,158.73,0.00,0.00,0.00,0.00,0.86,2.29,24.35,29.23,29.80,0.00,0.00,0.00,0.00,0.00,5.44,0.00,13.47,0.57,460.15,6.30,0.00,4.01,0.29,82.80,2.87,6.59,0.57,0.00,0.00,8.02,0.29,0.00,0.00,0.29,0.57,0.00,1.15,0.29,0.00,0.00,0.00,0.29,0.00,1.15,0.00,18.91,0.29,0.57,
서울,구로구,0.00,0.00,0.00,0.00,0.00,0.00,0.00,0.00,0.00,0.00,0.00,0.00,0.00,0.00,0.00,0.00,0.00,235.24,0.00,0.00,0.00,0.74,0.49,1.73,37.73,92.72,60.17,0.00,0.00,0.00,0.00,0.00,6.66,0.00,17.51,0.00,1172.28,8.38,0.00,2.96,0.00,145.98,4.93,3.95,0.74,0.00,0.25,7.64,0.00,0.00,0.00,0.74,0.99,0.00,1.73,0.49,0.00,0.49,0.00,0.00,0.25,0.49,0.00,18.00,0.25,0.49,
서울,금천구,0.00,0.00,0.00,0.00,0.00,0.00,0.00,0.00,0.00,0.00,0.00,0.00,0.00,0.00,0.00,0.00,0.00,207.95,0.00,0.00,0.00,0.00,0.00,1.72,38.75,42.19,92.99,0.00,0.00,0.00,0.00,0.00,7.75,0.00,15.07,0.00,221.29,10.76,0.00,2.58,0.00,151.12,4.31,6.89,0.86,0.00,0.00,15.50,0.00,0.00,0.00,0.43,1.29,0.00,0.86,1.29,0.00,0.00,0.00,0.00,0.00,0.86,0.00,22.39,0.00,0.43,
서울,노원구,0.00,0.00,0.00,0.00,0.00,0.00,0.00,0.00,0.00,0.00,0.00,0.00,0.00,0.00,0.00,0.00,0.00,203.61,0.38,0.00,0.38,0.00,0.19,3.03,32.39,126.90,74.63,0.00,0.00,0.00,0.00,0.00,4.36,0.00,23.11,0.00,502.87,5.11,0.00,2.27,0.00,54.36,4.17,8.14,0.38,0.00,0.00,7.01,0.57,0.00,0.00,0.19,0.95,0.00,0.95,0.38,0.00,0.19,0.00,0.00,0.00,0.57,0.00,9.47,0.00,0.00,
서울,도봉구,0.00,0.00,0.00,0.00,0.00,0.00,0.00,0.00,0.00,0.00,0.00,0.00,0.00,0.00,0.00,0.00,0.00,204.06,0.30,0.00,0.00,0.00,0.00,4.25,37.65,51.32,42.51,0.00,0.00,0.00,0.00,0.00,4.86,0.00,17.92,0.00,184.02,7.90,0.00,5.16,0.00,64.07,4.55,7.90,0.00,0.00,0.00,4.86,0.30,0.00,0.00,0.30,0.91,0.00,0.30,0.61,0.00,0.00,0.00,0.00,0.00,1.21,0.00,8.20,0.00,0.00,
서울,동대문구,0.00,0.00,0.00,0.00,0.00,0.00,0.00,0.00,0.00,0.00,0.00,0.00,0.00,0.00,0.00,0.00,0.00,187.80,0.29,0.00,0.29,0.29,0.29,5.51,40.93,63.57,52.54,0.00,0.00,0.00,0.00,0.00,6.97,0.00,132.36,0.00,750.62,7.26,0.29,2.61,0.00,98.69,5.51,6.68,0.29,0.00,0.00,7.26,0.00,0.00,0.00,0.29,1.16,0.00,1.16,0.00,0.00,0.00,0.00,0.00,0.00,0.29,0.00,16.25,0.00,0.29,
서울,동작구,0.00,0.00,0.00,0.00,0.00,0.00,0.00,0.00,0.00,0.00,0.00,0.00,0.00,0.00,0.00,0.00,0.00,173.78,0.00,0.00,0.76,0.25,0.00,1.52,29.47,35.32,61.74,0.00,0.00,0.00,0.25,0.00,7.11,0.00,56.40,0.00,309.71,7.88,0.00,1.27,0.00,65.55,2.79,5.84,0.00,0.00,0.00,10.16,0.00,0.00,0.00,0.25,1.02,0.00,3.30,0.00,0.00,0.51,0.00,0.00,0.51,2.29,0.25,17.28,0.00,0.25,
서울,마포구,0.00,0.00,0.00,0.00,0.00,0.00,0.00,0.00,0.00,0.00,0.00,0.00,0.00,0.00,0.00,0.00,0.00,254.45,0.27,0.00,0.80,0.00,0.54,0.54,40.49,52.02,123.60,0.00,0.00,0.00,0.00,0.27,4.02,0.00,34.32,0.00,11.80,3.22,0.27,3.22,0.27,65.69,4.02,5.90,0.27,0.00,0.54,4.02,0.00,0.00,0.00,0.54,1.07,0.00,2.41,0.00,0.00,0.80,0.00,0.00,0.27,0.00,0.00,16.89,0.27,0.27,
서울,서대문구,0.00,0.00,0.00,0.00,0.00,0.00,0.00,0.00,0.00,0.00,0.00,0.00,0.00,0.00,0.00,0.00,0.00,274.14,0.64,0.00,0.00,0.32,0.00,1.61,42.79,47.30,69.18,0.00,0.00,0.00,0.00,0.00,2.90,0.00,22.20,0.00,1730.78,5.15,0.00,3.22,0.64,68.54,4.50,9.33,1.29,0.00,0.32,5.47,0.00,0.00,0.00,0.64,0.32,0.00,2.57,0.00,0.00,0.97,0.00,0.00,0.00,0.32,0.00,11.91,0.32,0.32,
서울,서초구,0.00,0.00,0.00,0.00,0.00,0.00,0.00,0.00,0.00,0.00,0.00,0.00,0.00,0.00,0.00,0.00,0.00,195.34,0.00,0.00,0.23,0.23,0.70,6.31,17.99,97.20,43.69,0.00,0.00,0.00,0.23,0.00,4.44,0.00,83.18,0.00,629.24,4.21,0.47,3.04,0.23,46.97,3.50,4.91,0.23,0.00,0.23,7.48,0.00,0.00,0.00,0.47,0.70,0.00,3.27,0.23,0.00,0.23,0.00,0.00,0.23,0.47,0.47,12.38,0.00,0.70,
서울,성동구,0.00,0.00,0.00,0.00,0.00,0.00,0.00,0.00,0.00,0.00,0.00,0.00,0.00,0.00,0.00,0.00,0.00,176.97,0.34,0.00,0.34,0.34,0.00,2.36,27.93,49.12,77.38,0.00,0.00,0.00,0.34,0.00,5.72,0.00,81.08,0.67,490.20,5.05,0.67,4.37,0.67,103.96,3.03,7.74,0.00,0.00,0.67,7.40,0.00,0.00,0.00,0.00,1.01,0.00,2.02,0.67,0.00,0.34,0.00,0.00,0.00,1.01,0.34,13.12,0.00,0.34,
서울,성북구,0.00,0.00,0.00,0.00,0.00,0.00,0.00,0.00,0.00,0.00,0.00,0.00,0.00,0.00,0.00,0.00,0.00,269.15,0.68,0.00,0.23,0.00,0.23,1.36,37.51,39.33,72.29,0.00,0.00,0.00,0.23,0.00,6.82,0.00,27.05,0.00,973.17,10.46,0.23,2.50,0.00,73.43,4.09,5.23,0.23,0.00,0.00,5.00,0.23,0.00,0.00,0.00,0.91,0.00,0.91,0.23,0.00,0.00,0.00,0.00,0.23,0.45,0.00,13.18,0.00,0.45,
서울,송파구,0.00,0.00,0.00,0.00,0.00,0.00,0.00,0.00,0.00,0.00,0.00,0.00,0.00,0.00,0.00,0.00,0.00,202.99,0.74,0.00,0.15,0.15,0.74,2.08,22.47,78.87,46.43,0.00,0.00,0.00,0.15,0.00,3.57,0.00,58.78,0.15,1187.87,5.80,0.15,4.32,0.15,56.85,2.23,6.85,0.15,0.00,0.00,6.70,0.30,0.15,0.00,0.60,1.04,0.00,1.93,0.15,0.00,0.15,0.00,0.00,0.60,0.74,0.00,9.67,0.00,0.45,
서울,양천구,0.00,0.00,0.00,0.00,0.00,0.00,0.00,0.00,0.00,0.00,0.00,0.00,0.00,0.00,0.00,0.00,0.00,245.50,0.00,0.00,0.22,0.22,0.44,3.95,39.46,112.23,60.06,0.00,0.00,0.00,0.00,0.00,4.38,0.00,19.95,0.00,442.78,4.82,0.00,3.29,0.00,56.55,7.23,7.89,0.00,0.00,0.00,9.86,0.22,0.00,0.00,0.44,0.22,0.00,1.75,0.22,0.00,0.66,0.00,0.00,0.00,0.66,0.00,8.55,0.00,0.00,
서울,영등포구,0.00,0.00,0.00,0.00,0.00,0.00,0.00,0.00,0.00,0.00,0.00,0.00,0.00,0.00,0.00,0.00,0.00,214.14,0.54,0.00,0.54,0.27,0.00,2.41,28.11,50.59,66.65,0.00,0.00,0.00,0.00,0.00,4.55,0.00,43.10,0.00,1148.35,6.69,0.27,1.87,0.00,163.02,5.89,5.89,0.27,0.00,0.00,9.10,0.27,0.00,0.00,0.80,1.07,0.00,2.14,0.80,0.00,0.27,0.00,0.00,0.27,0.27,0.00,20.88,0.00,1.07,
서울,용산구,0.00,0.00,0.00,0.00,0.00,0.00,0.00,0.00,0.00,0.00,0.00,0.00,0.00,0.00,0.00,0.00,0.00,146.06,0.44,0.00,0.87,0.44,0.87,1.74,47.52,44.91,55.37,0.00,0.00,0.00,0.44,0.00,6.10,0.00,51.01,0.44,253.76,3.92,0.00,6.10,0.87,109.44,10.03,12.21,0.00,0.00,0.00,6.10,0.00,0.00,0.00,1.31,0.87,0.00,6.98,0.00,0.00,2.18,0.00,0.00,0.44,0.00,0.00,28.78,0.00,0.87,
서울,은평구,0.00,0.00,0.00,0.00,0.00,0.00,0.00,0.00,0.00,0.00,0.00,0.00,0.00,0.00,0.00,0.00,0.00,239.82,0.21,0.00,0.00,0.00,0.21,4.58,48.13,75.22,81.68,0.00,0.00,0.00,0.21,0.00,5.00,0.00,29.17,0.00,638.21,7.08,0.00,2.08,0.00,66.26,5.63,5.63,1.04,0.00,0.00,8.75,0.42,0.00,0.00,0.83,1.04,0.00,1.67,0.42,0.00,0.21,0.00,0.00,0.00,0.00,0.00,10.83,0.21,0.00,
서울,종로구,0.00,0.00,0.00,0.00,0.00,0.00,0.00,0.00,0.00,0.00,0.00,0.00,0.00,0.00,0.00,0.00,0.00,224.83,2.00,0.00,0.00,0.67,1.33,0.67,47.23,20.62,65.19,0.00,0.00,0.00,0.67,0.00,5.99,0.00,25.28,1.33,1656.94,5.99,0.67,2.00,0.00,99.78,5.32,6.65,0.67,0.00,0.00,5.32,0.00,0.00,0.00,0.67,0.67,0.00,2.66,0.00,0.00,1.33,0.00,0.00,1.33,0.00,0.67,26.61,0.00,0.00,
서울,중구,0.00,0.00,0.00,0.00,0.00,0.00,0.00,0.00,0.00,0.00,0.00,0.00,0.00,0.00,0.00,0.00,0.00,174.22,0.00,0.00,0.80,2.39,1.59,0.00,31.82,28.64,53.30,0.00,0.00,0.00,0.00,0.00,5.57,0.00,50.91,0.00,442.30,5.57,0.00,2.39,0.00,121.71,7.96,10.34,1.59,0.00,0.00,4.77,0.80,0.00,0.00,0.00,0.00,0.00,0.80,0.00,0.00,0.80,0.00,0.00,0.00,1.59,0.00,34.21,0.00,0.80,
서울,중랑구,0.00,0.00,0.00,0.00,0.00,0.00,0.00,0.00,0.00,0.00,0.00,0.00,0.00,0.00,0.00,0.00,0.00,220.28,0.25,0.00,0.25,0.25,0.00,1.77,36.38,97.00,63.91,0.00,0.00,0.00,0.25,0.00,7.33,0.00,36.88,0.00,301.62,3.28,0.00,6.06,0.00,84.37,2.78,8.08,0.76,0.00,0.25,6.82,0.00,0.00,0.00,1.01,1.52,0.00,1.77,0.00,0.00,0.25,0.00,0.25,0.51,1.26,0.00,19.20,0.00,0.25,
부산,부산,0.00,0.00,0.00,0.00,0.00,0.00,0.00,0.00,0.00,0.00,0.00,0.00,0.00,0.00,0.00,0.00,0.00,284.26,0.15,0.00,0.73,0.88,0.65,1.59,12.20,99.68,67.53,0.00,0.03,0.00,0.03,0.00,3.50,0.00,53.69,0.03,529.34,2.26,0.26,3.61,0.00,202.00,0.97,3.44,0.71,0.00,0.15,62.98,1.00,0.00,0.00,1.73,1.18,0.00,1.03,0.21,0.00,0.06,0.00,0.03,0.03,0.71,0.00,12.75,0.00,0.00,
부산,강서구,0.00,0.00,0.00,0.00,0.00,0.00,0.00,0.00,0.00,0.00,0.00,0.00,0.00,0.00,0.00,0.00,0.00,701.25,0.00,0.00,0.75,0.75,0.00,0.00,18.69,237.74,113.63,0.00,0.75,0.00,0.00,0.00,5.23,0.00,44.11,0.00,50.84,2.99,0.00,3.74,0.00,130.83,1.50,5.23,0.75,0.00,0.75,85.23,1.50,0.00,0.00,2.24,1.50,0.00,1.50,0.75,0.00,0.00,0.00,0.75,0.75,0.75,0.00,14.95,0.00,0.00,
부산,금정구,0.00,0.00,0.00,0.00,0.00,0.00,0.00,0.00,0.00,0.00,0.00,0.00,0.00,0.00,0.00,0.00,0.00,209.44,0.00,0.00,0.85,0.00,1.70,1.70,8.90,66.99,55.96,0.00,0.00,0.00,0.00,0.00,2.54,0.00,126.34,0.00,146.27,2.12,0.00,1.70,0.00,187.82,0.00,2.12,0.00,0.00,0.00,109.81,1.27,0.00,0.00,4.66,1.70,0.00,0.85,0.00,0.00,0.42,0.00,0.00,0.00,0.00,0.00,8.90,0.00,0.00,
부산,기장군,0.00,0.00,0.00,0.00,0.00,0.00,0.00,0.00,0.00,0.00,0.00,0.00,0.00,0.00,0.00,0.00,0.00,448.03,0.00,0.00,1.18,0.00,1.18,2.95,11.79,107.29,157.40,0.00,0.00,0.00,0.00,0.00,1.77,0.00,51.29,0.00,156.81,2.36,0.00,3.54,0.00,170.37,0.00,1.77,0.00,0.00,0.59,145.61,1.18,0.00,0.00,2.95,0.00,0.00,0.59,0.00,0.00,0.00,0.00,0.00,0.00,1.77,0.00,9.43,0.00,0.00,
부산,남구,0.00,0.00,0.00,0.00,0.00,0.00,0.00,0.00,0.00,0.00,0.00,0.00,0.00,0.00,0.00,0.00,0.00,226.48,0.00,0.00,0.74,0.74,0.74,1.48,7.38,56.07,37.62,0.00,0.00,0.00,0.00,0.00,4.43,0.00,66.39,0.00,160.82,3.32,0.74,3.32,0.00,163.77,0.74,2.95,1.48,0.00,0.00,41.68,1.48,0.00,0.00,0.74,1.11,0.00,1.84,0.37,0.00,0.00,0.00,0.00,0.00,0.37,0.00,11.43,0.00,0.00,
부산,동구,0.00,0.00,0.00,0.00,0.00,0.00,0.00,0.00,0.00,0.00,0.00,0.00,0.00,0.00,0.00,0.00,0.00,219.13,0.00,0.00,0.00,1.13,0.00,5.65,9.04,62.12,38.40,0.00,0.00,0.00,0.00,0.00,4.52,0.00,35.02,0.00,642.70,2.26,0.00,3.39,0.00,376.13,2.26,5.65,0.00,0.00,1.13,63.25,1.13,0.00,0.00,2.26,1.13,0.00,0.00,0.00,0.00,0.00,0.00,0.00,0.00,1.13,0.00,19.20,0.00,0.00,
부산,동래구,0.00,0.00,0.00,0.00,0.00,0.00,0.00,0.00,0.00,0.00,0.00,0.00,0.00,0.00,0.00,0.00,0.00,260.89,0.00,0.00,0.37,2.21,0.74,3.32,14.02,120.30,70.11,0.00,0.00,0.00,0.00,0.00,3.69,0.00,119.19,0.00,473.07,0.37,0.00,2.21,0.00,140.59,1.48,3.32,0.37,0.00,0.00,57.20,1.11,0.00,0.00,2.21,1.85,0.00,0.74,0.00,0.00,0.00,0.00,0.00,0.00,1.85,0.00,9.96,0.00,0.00,
부산,부산진구,0.00,0.00,0.00,0.00,0.00,0.00,0.00,0.00,0.00,0.00,0.00,0.00,0.00,0.00,0.00,0.00,0.00,284.22,0.56,0.00,0.28,1.39,0.56,0.84,9.20,121.77,75.23,0.00,0.00,0.00,0.00,0.00,4.46,0.00,22.01,0.00,656.48,2.51,0.00,5.02,0.00,190.31,0.56,3.62,0.84,0.00,0.28,47.09,0.84,0.00,0.00,1.67,0.56,0.00,1.11,0.84,0.00,0.00,0.00,0.00,0.00,0.00,0.00,19.23,0.00,0.00,
부산,북구,0.00,0.00,0.00,0.00,0.00,0.00,0.00,0.00,0.00,0.00,0.00,0.00,0.00,0.00,0.00,0.00,0.00,319.26,0.00,0.00,0.70,1.74,0.70,0.00,10.09,31.65,67.12,0.00,0.00,0.00,0.00,0.00,3.48,0.00,63.64,0.00,178.41,4.87,0.35,2.78,0.00,171.80,0.70,5.22,0.00,0.00,0.00,76.16,1.74,0.00,0.00,0.35,2.09,0.00,1.39,0.35,0.00,0.00,0.00,0.00,0.00,1.04,0.00,13.91,0.00,0.00,
부산,사상구,0.00,0.00,0.00,0.00,0.00,0.00,0.00,0.00,0.00,0.00,0.00,0.00,0.00,0.00,0.00,0.00,0.00,296.74,0.46,0.00,0.93,0.46,0.46,0.93,10.68,97.52,58.05,0.00,0.00,0.00,0.00,0.00,2.32,0.00,6.50,0.00,352.00,2.79,0.46,4.18,0.00,175.54,1.39,3.72,1.86,0.00,0.00,57.58,0.00,0.00,0.00,0.93,1.39,0.00,0.46,0.00,0.00,0.00,0.00,0.00,0.00,1.39,0.00,11.61,0.00,0.00,
부산,사하구,0.00,0.00,0.00,0.00,0.00,0.00,0.00,0.00,0.00,0.00,0.00,0.00,0.00,0.00,0.00,0.00,0.00,270.24,0.32,0.00,0.32,0.32,0.00,1.90,13.91,158.67,91.66,0.00,0.00,0.00,0.00,0.00,3.16,0.00,46.46,0.00,110.94,1.58,0.63,3.79,0.00,243.69,0.95,2.84,0.95,0.00,0.32,31.61,0.00,0.00,0.00,0.95,1.26,0.00,0.63,0.00,0.00,0.00,0.00,0.00,0.00,0.00,0.00,9.17,0.00,0.00,
부산,서구,0.00,0.00,0.00,0.00,0.00,0.00,0.00,0.00,0.00,0.00,0.00,0.00,0.00,0.00,0.00,0.00,0.00,369.75,0.92,0.00,0.92,0.92,0.00,2.77,19.41,93.36,54.54,0.00,0.00,0.00,0.00,0.00,5.55,0.00,79.50,0.92,5037.81,3.70,1.85,8.32,0.00,552.77,1.85,7.39,0.92,0.00,0.00,45.29,1.85,0.00,0.00,0.00,0.92,0.00,1.85,0.00,0.00,0.00,0.00,0.00,0.00,0.00,0.00,12.94,0.00,0.00,
부산,수영구,0.00,0.00,0.00,0.00,0.00,0.00,0.00,0.00,0.00,0.00,0.00,0.00,0.00,0.00,0.00,0.00,0.00,163.72,0.00,0.00,0.00,1.13,0.57,2.27,16.43,88.37,37.96,0.00,0.00,0.00,0.57,0.00,2.83,0.00,33.99,0.00,608.99,1.70,0.57,4.53,0.00,183.55,1.13,3.40,1.13,0.00,0.00,45.32,1.13,0.00,0.00,1.13,1.13,0.00,2.27,0.00,0.00,0.57,0.00,0.00,0.00,0.57,0.00,17.56,0.00,0.00,
부산,연제구,0.00,0.00,0.00,0.00,0.00,0.00,0.00,0.00,0.00,0.00,0.00,0.00,0.00,0.00,0.00,0.00,0.00,206.90,0.00,0.00,0.48,1.43,0.48,1.43,10.51,60.21,79.80,0.00,0.00,0.00,0.00,0.00,2.39,0.00,57.82,0.00,415.72,0.00,0.00,2.87,0.00,137.62,1.43,2.87,0.48,0.00,0.00,43.96,1.43,0.00,0.00,2.87,0.96,0.00,0.48,0.00,0.00,0.00,0.00,0.00,0.00,0.96,0.00,14.81,0.00,0.00,
부산,영도구,0.00,0.00,0.00,0.00,0.00,0.00,0.00,0.00,0.00,0.00,0.00,0.00,0.00,0.00,0.00,0.00,0.00,234.73,0.00,0.00,0.87,0.00,0.87,2.61,19.13,141.71,58.25,0.00,0.00,0.00,0.00,0.00,5.22,0.00,55.64,0.00,381.65,0.87,0.00,3.48,0.00,311.23,1.74,0.87,1.74,0.00,0.00,32.17,0.00,0.00,0.00,0.87,0.87,0.00,1.74,0.87,0.00,0.00,0.00,0.00,0.00,0.87,0.00,13.04,0.00,0.00,
부산,중구,0.00,0.00,0.00,0.00,0.00,0.00,0.00,0.00,0.00,0.00,0.00,0.00,0.00,0.00,0.00,0.00,0.00,218.14,0.00,0.00,2.40,2.40,2.40,0.00,21.57,62.32,43.15,0.00,0.00,0.00,0.00,0.00,4.79,0.00,35.96,0.00,479.42,4.79,0.00,9.59,0.00,491.41,0.00,2.40,0.00,0.00,0.00,26.37,0.00,0.00,0.00,2.40,0.00,0.00,0.00,0.00,0.00,0.00,0.00,0.00,0.00,0.00,0.00,28.77,0.00,0.00,
부산,해운대구,0.00,0.00,0.00,0.00,0.00,0.00,0.00,0.00,0.00,0.00,0.00,0.00,0.00,0.00,0.00,0.00,0.00,260.06,0.00,0.00,1.73,0.25,0.74,0.74,12.62,96.25,40.83,0.00,0.00,0.00,0.00,0.00,2.97,0.00,19.80,0.00,750.98,1.98,0.00,2.97,0.00,175.68,0.99,3.22,0.49,0.00,0.00,78.69,0.99,0.00,0.00,1.98,0.99,0.00,0.74,0.00,0.00,0.00,0.00,0.00,0.00,0.74,0.00,8.91,0.00,0.00,
대구,대구,0.00,0.00,0.00,0.00,0.00,0.00,0.00,0.00,0.00,0.00,0.00,0.00,0.00,0.00,0.00,0.00,0.00,390.41,0.12,0.00,0.21,0.45,0.00,3.13,14.99,118.24,94.80,0.00,0.00,0.00,0.12,0.00,3.79,0.08,26.85,0.00,454.50,4.20,0.21,2.88,0.29,80.39,0.95,7.21,0.37,0.00,0.21,30.39,0.54,0.00,0.00,1.40,0.74,0.00,0.70,0.45,0.00,0.04,0.00,0.00,0.04,3.29,0.00,9.72,0.16,0.00,
대구,남구,0.00,0.00,0.00,0.00,0.00,0.00,0.00,0.00,0.00,0.00,0.00,0.00,0.00,0.00,0.00,0.00,0.00,221.89,0.00,0.00,0.68,0.68,0.00,2.04,17.64,71.93,52.93,0.00,0.00,0.00,0.00,0.00,6.79,0.00,22.39,0.00,2562.21,6.11,0.00,4.07,0.68,141.82,1.36,4.07,0.68,0.00,0.00,31.89,0.00,0.00,0.00,3.39,0.00,0.00,2.04,0.68,0.00,0.00,0.00,0.00,0.00,0.68,0.00,14.93,0.68,0.00,
대구,달서구,0.00,0.00,0.00,0.00,0.00,0.00,0.00,0.00,0.00,0.00,0.00,0.00,0.00,0.00,0.00,0.00,0.00,347.84,0.00,0.00,0.18,0.71,0.00,3.90,14.55,101.82,107.85,0.00,0.00,0.00,0.18,0.00,3.19,0.18,16.50,0.00,415.43,4.26,0.18,4.61,0.35,64.74,1.06,4.97,0.53,0.00,0.00,30.33,0.89,0.00,0.00,2.31,0.18,0.00,0.00,0.35,0.00,0.00,0.00,0.00,0.00,1.42,0.00,11.00,0.53,0.00,
대구,달성군,0.00,0.00,0.00,0.00,0.00,0.00,0.00,0.00,0.00,0.00,0.00,0.00,0.00,0.00,0.00,0.00,0.00,634.64,0.39,0.00,0.00,0.78,0.00,4.65,12.02,243.86,173.68,0.00,0.00,0.00,0.39,0.00,5.82,0.00,44.97,0.00,33.34,3.49,0.39,3.88,0.39,55.05,0.78,4.26,0.78,0.00,0.39,68.62,0.78,0.00,0.00,0.39,1.94,0.00,0.78,0.39,0.00,0.00,0.00,0.00,0.00,2.33,0.00,8.92,0.00,0.00,
대구,동구,0.00,0.00,0.00,0.00,0.00,0.00,0.00,0.00,0.00,0.00,0.00,0.00,0.00,0.00,0.00,0.00,0.00,398.61,0.00,0.00,0.00,0.00,0.00,4.07,15.13,126.86,89.61,0.00,0.00,0.00,0.00,0.00,2.62,0.00,23.86,0.00,367.48,3.20,0.00,1.75,0.87,98.63,0.29,8.44,0.58,0.00,0.00,25.90,0.29,0.00,0.00,0.87,1.45,0.00,1.16,1.16,0.00,0.00,0.00,0.00,0.29,4.95,0.00,6.69,0.00,0.00,
대구,북구,0.00,0.00,0.00,0.00,0.00,0.00,0.00,0.00,0.00,0.00,0.00,0.00,0.00,0.00,0.00,0.00,0.00,399.56,0.00,0.00,0.46,0.46,0.00,2.28,13.90,57.18,70.84,0.00,0.00,0.00,0.00,0.00,2.73,0.00,22.78,0.00,275.86,4.10,0.00,2.05,0.00,62.42,1.14,9.11,0.23,0.00,0.23,22.32,0.46,0.00,0.00,0.68,0.68,0.00,1.14,0.23,0.00,0.00,0.00,0.00,0.00,2.51,0.00,6.83,0.00,0.00,
대구,서구,0.00,0.00,0.00,0.00,0.00,0.00,0.00,0.00,0.00,0.00,0.00,0.00,0.00,0.00,0.00,0.00,0.00,197.70,0.58,0.00,0.00,0.00,0.00,1.16,16.19,69.95,54.34,0.00,0.00,0.00,0.00,0.00,7.51,0.00,23.70,0.00,543.39,1.16,0.00,2.89,0.00,146.83,2.31,9.83,0.00,0.00,0.00,24.86,0.00,0.00,0.00,3.47,1.16,0.00,0.58,0.58,0.00,0.00,0.00,0.00,0.00,2.89,0.00,12.14,0.00,0.00,
대구,수성구,0.00,0.00,0.00,0.00,0.00,0.00,0.00,0.00,0.00,0.00,0.00,0.00,0.00,0.00,0.00,0.00,0.00,428.64,0.00,0.00,0.00,0.00,0.00,1.64,16.65,159.22,82.07,0.00,0.00,0.00,0.23,0.00,2.11,0.00,34.70,0.00,65.66,5.86,0.47,1.41,0.00,66.36,0.47,6.80,0.00,0.00,0.70,18.76,0.47,0.00,0.00,0.23,0.47,0.00,0.47,0.00,0.00,0.23,0.00,0.00,0.00,3.05,0.00,10.08,0.00,0.00,
대구,중구,0.00,0.00,0.00,0.00,0.00,0.00,0.00,0.00,0.00,0.00,0.00,0.00,0.00,0.00,0.00,0.00,0.00,310.45,1.30,0.00,1.30,2.60,0.00,7.79,14.29,84.43,124.70,0.00,0.00,0.00,0.00,0.00,7.79,0.00,49.36,0.00,1478.23,3.90,0.00,0.00,0.00,92.23,1.30,9.09,0.00,0.00,0.00,24.68,1.30,0.00,0.00,1.30,0.00,0.00,0.00,0.00,0.00,0.00,0.00,0.00,0.00,18.19,0.00,15.59,0.00,0.00,
대구,군위군,-,-,-,-,-,-,-,-,-,-,-,-,-,-,-,-,-,-,-,-,-,-,-,-,-,-,-,-,-,-,-,-,-,-,-,-,-,-,-,-,-,-,-,-,-,-,-,-,-,-,-,-,-,-,-,-,-,-,-,-,-,-,-,-,-,-,
인천,인천,0.00,0.00,0.00,0.00,0.00,0.00,0.00,0.00,0.00,0.00,0.00,0.00,0.00,0.00,0.00,0.00,0.00,269.36,0.17,0.00,0.47,0.37,0.54,2.98,46.00,156.85,86.71,0.00,0.00,0.00,0.07,0.00,6.54,0.03,88.51,0.03,606.96,6.03,0.27,3.97,0.20,134.44,18.17,6.27,1.05,0.00,0.61,11.66,0.14,0.03,0.00,0.95,0.85,0.00,1.80,0.37,0.00,0.58,0.00,0.03,0.10,0.54,0.00,13.02,0.10,0.14,
인천,강화군,0.00,0.00,0.00,0.00,0.00,0.00,0.00,0.00,0.00,0.00,0.00,0.00,0.00,0.00,0.00,0.00,0.00,158.98,0.00,0.00,0.00,0.00,0.00,4.34,65.04,125.74,54.92,0.00,0.00,0.00,0.00,0.00,5.78,0.00,76.60,0.00,676.39,33.24,0.00,1.45,0.00,78.04,192.22,7.23,5.78,0.00,7.23,8.67,1.45,0.00,0.00,11.56,1.45,0.00,2.89,0.00,0.00,0.00,0.00,0.00,0.00,7.23,0.00,7.23,0.00,0.00,
인천,계양구,0.00,0.00,0.00,0.00,0.00,0.00,0.00,0.00,0.00,0.00,0.00,0.00,0.00,0.00,0.00,0.00,0.00,228.58,0.00,0.00,0.00,0.00,1.00,1.33,42.65,121.29,69.97,0.00,0.00,0.00,0.00,0.00,4.00,0.00,70.97,0.33,573.12,3.33,0.67,1.33,0.33,78.64,13.00,6.66,0.33,0.00,0.00,7.33,0.00,0.00,0.00,0.33,0.67,0.00,1.00,0.33,0.00,0.00,0.00,0.00,0.00,0.33,0.00,9.33,0.33,0.33,
인천,미추홀구,0.00,0.00,0.00,0.00,0.00,0.00,0.00,0.00,0.00,0.00,0.00,0.00,0.00,0.00,0.00,0.00,0.00,247.42,0.00,0.00,0.25,0.25,0.49,2.95,46.48,168.22,75.75,0.00,0.00,0.00,0.25,0.00,8.61,0.00,78.21,0.00,622.72,4.18,0.25,3.69,0.00,240.78,8.61,9.35,1.72,0.00,0.74,8.36,0.00,0.00,0.00,0.74,0.98,0.00,0.25,0.74,0.00,0.49,0.00,0.00,0.00,0.74,0.00,15.74,0.25,0.25,
인천,남동구,0.00,0.00,0.00,0.00,0.00,0.00,0.00,0.00,0.00,0.00,0.00,0.00,0.00,0.00,0.00,0.00,0.00,193.94,0.00,0.00,0.57,0.76,0.19,1.51,47.45,75.80,54.82,0.00,0.00,0.00,0.00,0.00,5.67,0.19,63.51,0.00,920.74,3.97,0.19,4.91,0.00,125.32,8.70,4.35,0.76,0.00,0.57,10.21,0.38,0.00,0.00,0.57,0.57,0.00,1.70,0.00,0.00,0.38,0.00,0.00,0.19,0.00,0.00,11.15,0.00,0.19,
인천,동구,0.00,0.00,0.00,0.00,0.00,0.00,0.00,0.00,0.00,0.00,0.00,0.00,0.00,0.00,0.00,0.00,0.00,211.07,0.00,0.00,1.58,0.00,0.00,1.58,47.26,159.09,86.63,0.00,0.00,0.00,0.00,0.00,14.18,0.00,31.50,0.00,872.65,14.18,0.00,0.00,0.00,242.58,12.60,11.03,0.00,0.00,4.73,4.73,0.00,0.00,0.00,0.00,1.58,0.00,1.58,0.00,0.00,1.58,0.00,0.00,0.00,0.00,0.00,9.45,0.00,0.00,
인천,부평구,0.00,0.00,0.00,0.00,0.00,0.00,0.00,0.00,0.00,0.00,0.00,0.00,0.00,0.00,0.00,0.00,0.00,260.89,0.20,0.00,0.40,0.60,0.40,1.39,32.98,118.82,86.24,0.00,0.00,0.00,0.00,0.00,8.15,0.00,100.74,0.00,243.21,6.56,0.20,3.38,0.20,129.55,8.15,6.95,1.19,0.00,0.00,7.75,0.00,0.20,0.00,0.60,2.19,0.00,0.99,0.20,0.00,0.20,0.00,0.00,0.00,0.40,0.00,13.51,0.00,0.00,
인천,서구,0.00,0.00,0.00,0.00,0.00,0.00,0.00,0.00,0.00,0.00,0.00,0.00,0.00,0.00,0.00,0.00,0.00,373.09,0.55,0.00,0.18,0.18,0.37,4.79,47.67,246.46,147.25,0.00,0.00,0.00,0.18,0.00,5.89,0.00,156.27,0.00,487.03,5.89,0.37,4.97,0.00,99.76,27.43,4.05,0.55,0.00,0.00,6.07,0.00,0.00,0.00,0.74,0.00,0.00,2.94,0.18,0.00,0.18,0.00,0.00,0.37,0.55,0.00,12.70,0.18,0.00,
인천,연수구,0.00,0.00,0.00,0.00,0.00,0.00,0.00,0.00,0.00,0.00,0.00,0.00,0.00,0.00,0.00,0.00,0.00,337.67,0.27,0.00,1.33,0.53,0.27,6.37,51.99,181.70,87.80,0.00,0.00,0.00,0.00,0.00,6.37,0.00,64.99,0.00,112.20,6.63,0.27,5.04,0.53,109.55,12.20,4.24,0.27,0.00,0.80,10.34,0.27,0.00,0.00,1.06,0.53,0.00,2.65,1.06,0.00,1.59,0.00,0.27,0.00,0.00,0.00,11.67,0.00,0.00,
인천,옹진군,0.00,0.00,0.00,0.00,0.00,0.00,0.00,0.00,0.00,0.00,0.00,0.00,0.00,0.00,0.00,0.00,0.00,258.40,0.00,0.00,0.00,0.00,0.00,0.00,58.51,58.51,29.25,0.00,0.00,0.00,0.00,0.00,0.00,0.00,24.38,0.00,0.00,9.75,0.00,14.63,0.00,136.51,29.25,4.88,4.88,0.00,0.00,477.79,0.00,0.00,0.00,4.88,0.00,0.00,4.88,0.00,0.00,19.50,0.00,0.00,0.00,4.88,0.00,14.63,0.00,0.00,
인천,중구,0.00,0.00,0.00,0.00,0.00,0.00,0.00,0.00,0.00,0.00,0.00,0.00,0.00,0.00,0.00,0.00,0.00,231.39,0.00,0.00,0.73,0.00,3.64,2.18,58.94,259.04,62.58,0.00,0.00,0.00,0.00,0.00,4.37,0.00,47.30,0.00,2522.70,4.37,0.00,3.64,1.46,178.27,24.01,13.10,2.91,0.00,0.73,11.64,0.00,0.00,0.00,0.73,0.73,0.00,3.64,0.73,0.00,0.00,0.00,0.00,0.00,0.73,0.00,27.65,0.00,0.73,
광주,광주,0.00,0.00,0.00,0.00,0.00,0.00,0.00,0.00,0.00,0.07,0.00,0.00,0.00,0.00,0.00,0.00,0.00,398.69,0.76,0.00,0.41,0.55,0.55,12.66,24.15,72.04,102.53,0.00,0.00,0.00,0.14,0.07,3.65,0.07,97.16,0.07,336.28,8.74,0.28,3.37,0.14,101.77,1.03,3.99,0.41,0.00,0.00,66.26,1.58,0.00,0.00,2.41,0.55,0.00,0.96,0.41,0.00,0.07,0.00,0.00,0.07,1.38,0.00,9.63,0.00,0.07,
광주,광산구,0.00,0.00,0.00,0.00,0.00,0.00,0.00,0.00,0.00,0.25,0.00,0.00,0.00,0.00,0.00,0.00,0.00,441.24,0.25,0.00,0.99,0.49,0.49,7.15,27.87,84.84,99.89,0.00,0.00,0.00,0.25,0.00,1.23,0.25,74.24,0.00,250.34,12.83,0.00,3.95,0.00,101.62,0.99,2.47,0.74,0.00,0.00,72.76,2.47,0.00,0.00,2.96,0.49,0.00,0.74,0.25,0.00,0.00,0.00,0.00,0.00,0.49,0.00,10.61,0.00,0.25,
광주,남구,0.00,0.00,0.00,0.00,0.00,0.00,0.00,0.00,0.00,0.00,0.00,0.00,0.00,0.00,0.00,0.00,0.00,379.07,1.39,0.00,0.46,1.39,0.00,25.89,19.42,74.89,62.87,0.00,0.00,0.00,0.00,0.46,3.24,0.00,242.23,0.00,208.95,8.32,0.92,0.46,0.00,91.07,0.46,5.09,0.00,0.00,0.00,66.57,1.85,0.00,0.00,2.31,1.39,0.00,1.39,0.46,0.00,0.46,0.00,0.00,0.46,1.85,0.00,10.17,0.00,0.00,
광주,동구,0.00,0.00,0.00,0.00,0.00,0.00,0.00,0.00,0.00,0.00,0.00,0.00,0.00,0.00,0.00,0.00,0.00,394.08,2.98,0.00,0.99,0.99,0.00,10.92,15.88,39.71,94.30,0.00,0.00,0.00,0.00,0.00,4.96,0.00,51.62,0.00,2368.45,11.91,0.99,3.97,0.00,105.22,2.98,5.96,0.00,0.00,0.00,84.37,0.00,0.00,0.00,1.99,0.99,0.00,0.99,0.00,0.00,0.00,0.00,0.00,0.00,1.99,0.00,10.92,0.00,0.00,
광주,북구,0.00,0.00,0.00,0.00,0.00,0.00,0.00,0.00,0.00,0.00,0.00,0.00,0.00,0.00,0.00,0.00,0.00,345.85,0.00,0.00,0.00,0.23,0.46,8.57,26.39,78.01,114.36,0.00,0.00,0.00,0.00,0.00,4.86,0.00,66.44,0.00,197.69,5.32,0.23,2.78,0.46,112.97,0.69,4.86,0.46,0.00,0.00,69.22,0.93,0.00,0.00,2.08,0.46,0.00,0.23,0.46,0.00,0.00,0.00,0.00,0.00,2.08,0.00,8.33,0.00,0.00,
광주,서구,0.00,0.00,0.00,0.00,0.00,0.00,0.00,0.00,0.00,0.00,0.00,0.00,0.00,0.00,0.00,0.00,0.00,433.10,1.34,0.00,0.00,0.33,1.34,17.07,22.09,54.89,120.49,0.00,0.00,0.00,0.33,0.00,5.02,0.00,83.01,0.33,60.25,7.36,0.00,5.36,0.00,92.38,1.34,3.35,0.33,0.00,0.00,46.86,1.67,0.00,0.00,2.34,0.00,0.00,2.01,0.67,0.00,0.00,0.00,0.00,0.00,1.00,0.00,9.37,0.00,0.00,
대전,대전,0.00,0.00,0.00,0.00,0.00,0.00,0.00,0.00,0.00,0.00,0.00,0.00,0.00,0.00,0.00,0.00,0.00,305.10,0.07,0.00,0.68,0.07,1.23,4.08,36.07,94.46,88.20,0.00,0.00,0.00,0.00,0.00,3.95,0.00,57.98,0.00,307.00,3.74,0.34,4.36,0.07,66.08,2.04,4.56,0.34,0.00,0.07,59.48,0.95,0.00,0.00,2.18,0.95,0.00,0.88,1.50,0.00,0.14,0.00,0.00,0.14,1.29,0.07,8.92,0.00,0.00,
대전,대덕구,0.00,0.00,0.00,0.00,0.00,0.00,0.00,0.00,0.00,0.00,0.00,0.00,0.00,0.00,0.00,0.00,0.00,280.69,0.00,0.00,0.57,0.00,0.57,6.79,41.31,62.25,54.89,0.00,0.00,0.00,0.00,0.00,4.53,0.00,21.50,0.00,90.54,7.92,0.57,3.40,0.00,75.27,0.57,5.66,1.13,0.00,0.57,73.57,2.26,0.00,0.00,2.26,1.13,0.00,0.57,1.70,0.00,0.00,0.00,0.00,0.00,1.13,0.00,8.49,0.00,0.00,
대전,동구,0.00,0.00,0.00,0.00,0.00,0.00,0.00,0.00,0.00,0.00,0.00,0.00,0.00,0.00,0.00,0.00,0.00,256.56,0.00,0.00,1.33,0.00,0.00,3.11,39.57,76.92,126.28,0.00,0.00,0.00,0.00,0.00,8.00,0.00,40.46,0.00,51.13,4.89,0.89,8.45,0.00,96.04,0.89,5.78,0.00,0.00,0.00,90.26,0.89,0.00,0.00,3.56,1.33,0.00,0.44,2.67,0.00,0.00,0.00,0.00,0.00,1.78,0.00,9.78,0.00,0.00,
대전,서구,0.00,0.00,0.00,0.00,0.00,0.00,0.00,0.00,0.00,0.00,0.00,0.00,0.00,0.00,0.00,0.00,0.00,292.98,0.21,0.00,0.83,0.21,1.88,3.13,34.62,125.33,74.44,0.00,0.00,0.00,0.00,0.00,3.34,0.00,72.36,0.00,427.27,2.50,0.42,3.96,0.00,54.22,1.04,2.92,0.21,0.00,0.00,45.67,0.83,0.00,0.00,2.09,0.63,0.00,1.25,0.42,0.00,0.21,0.00,0.00,0.00,0.63,0.21,10.01,0.00,0.00,
대전,유성구,0.00,0.00,0.00,0.00,0.00,0.00,0.00,0.00,0.00,0.00,0.00,0.00,0.00,0.00,0.00,0.00,0.00,387.48,0.00,0.00,0.29,0.00,1.43,6.57,28.84,98.23,116.79,0.00,0.00,0.00,0.00,0.00,0.86,0.00,72.53,0.00,36.26,2.86,0.00,4.28,0.29,42.55,4.85,4.00,0.29,0.00,0.00,44.26,0.29,0.00,0.00,2.28,0.86,0.00,1.43,1.14,0.00,0.00,0.00,0.00,0.29,1.43,0.00,5.14,0.00,0.00,
대전,중구,0.00,0.00,0.00,0.00,0.00,0.00,0.00,0.00,0.00,0.00,0.00,0.00,0.00,0.00,0.00,0.00,0.00,272.26,0.00,0.00,0.42,0.00,1.26,1.26,42.43,67.22,62.60,0.00,0.00,0.00,0.00,0.00,5.46,0.00,51.26,0.00,865.50,3.36,0.00,2.10,0.00,89.49,2.10,6.72,0.42,0.00,0.00,70.16,1.26,0.00,0.00,0.84,1.26,0.00,0.00,2.94,0.00,0.42,0.00,0.00,0.42,2.10,0.00,11.76,0.00,0.00,
울산,울산,0.00,0.00,0.00,0.00,0.00,0.00,0.00,0.00,0.00,0.00,0.00,0.00,0.00,0.00,0.00,0.00,0.00,358.49,0.00,0.00,1.05,0.35,0.53,2.63,12.26,78.63,144.66,0.00,0.00,0.00,0.00,0.00,3.33,0.00,57.88,0.00,272.41,4.29,0.00,3.06,0.00,94.04,1.49,1.93,0.26,0.00,1.14,119.00,0.26,0.09,0.00,1.05,1.49,0.00,0.96,0.26,0.00,0.09,0.00,0.09,0.00,2.71,0.00,6.65,0.09,0.00,
울산,남구,0.00,0.00,0.00,0.00,0.00,0.00,0.00,0.00,0.00,0.00,0.00,0.00,0.00,0.00,0.00,0.00,0.00,284.21,0.00,0.00,0.93,0.93,0.93,1.55,10.56,86.97,136.98,0.00,0.00,0.00,0.00,0.00,3.42,0.00,35.10,0.00,148.78,1.86,0.00,3.73,0.00,91.32,1.55,1.86,0.00,0.00,0.00,91.01,0.31,0.00,0.00,0.31,1.86,0.00,1.24,0.00,0.00,0.00,0.00,0.00,0.00,2.17,0.00,6.21,0.31,0.00,
울산,동구,0.00,0.00,0.00,0.00,0.00,0.00,0.00,0.00,0.00,0.00,0.00,0.00,0.00,0.00,0.00,0.00,0.00,472.09,0.00,0.00,0.63,0.00,0.00,1.26,12.01,60.04,142.83,0.00,0.00,0.00,0.00,0.00,3.16,0.00,17.06,0.00,810.21,3.79,0.00,3.79,0.00,59.41,1.90,2.53,0.63,0.00,0.00,55.61,0.00,0.00,0.00,0.00,1.26,0.00,1.26,0.00,0.00,0.00,0.00,0.00,0.00,1.26,0.00,5.69,0.00,0.00,
울산,북구,0.00,0.00,0.00,0.00,0.00,0.00,0.00,0.00,0.00,0.00,0.00,0.00,0.00,0.00,0.00,0.00,0.00,361.26,0.00,0.00,0.46,0.00,0.92,2.29,12.82,72.34,203.29,0.00,0.00,0.00,0.00,0.00,3.21,0.00,89.74,0.00,119.50,5.95,0.00,2.75,0.00,53.57,1.37,0.46,0.46,0.00,0.00,103.48,0.46,0.00,0.00,0.46,2.29,0.00,0.46,0.00,0.00,0.00,0.00,0.00,0.00,3.66,0.00,4.58,0.00,0.00,
울산,울주군,0.00,0.00,0.00,0.00,0.00,0.00,0.00,0.00,0.00,0.00,0.00,0.00,0.00,0.00,0.00,0.00,0.00,425.39,0.00,0.00,1.79,0.00,0.45,6.73,8.97,118.46,100.96,0.00,0.00,0.00,0.00,0.00,4.04,0.00,62.82,0.00,65.96,4.94,0.00,2.69,0.00,168.27,1.79,3.14,0.00,0.00,5.83,235.58,0.45,0.00,0.00,2.24,0.90,0.00,1.79,0.90,0.00,0.45,0.00,0.00,0.00,4.94,0.00,7.18,0.00,0.00,
울산,중구,0.00,0.00,0.00,0.00,0.00,0.00,0.00,0.00,0.00,0.00,0.00,0.00,0.00,0.00,0.00,0.00,0.00,315.07,0.00,0.00,1.36,0.45,0.00,1.36,17.68,45.79,143.25,0.00,0.00,0.00,0.00,0.00,2.72,0.00,83.87,0.00,427.04,5.89,0.00,2.27,0.00,87.95,0.91,1.81,0.45,0.00,0.00,102.91,0.00,0.45,0.00,2.27,0.91,0.00,0.00,0.45,0.00,0.00,0.00,0.45,0.00,1.36,0.00,9.52,0.00,0.00,
경기,경기,0.00,0.00,0.00,0.00,0.00,0.00,0.00,0.00,0.00,0.00,0.00,0.00,0.00,0.00,0.00,0.00,0.00,368.35,0.22,0.00,0.37,0.34,0.44,3.44,43.10,117.05,107.41,0.00,0.01,0.00,0.17,0.01,5.17,0.03,69.49,0.04,403.57,8.19,0.19,4.54,0.25,74.46,13.72,5.83,0.52,0.00,0.18,15.80,0.33,0.04,0.00,1.82,0.81,0.00,1.48,0.55,0.00,0.40,0.00,0.04,0.07,1.51,0.02,10.84,0.03,0.10,
경기,가평군,0.00,0.00,0.00,0.00,0.00,0.00,0.00,0.00,0.00,0.00,0.00,0.00,0.00,0.00,0.00,0.00,0.00,192.32,0.00,0.00,0.00,0.00,1.60,1.60,33.66,112.19,24.04,0.00,0.00,0.00,0.00,0.00,4.81,0.00,30.45,0.00,88.15,19.23,1.60,8.01,1.60,100.97,6.41,16.03,1.60,0.00,0.00,27.25,0.00,0.00,0.00,9.62,1.60,0.00,6.41,1.60,0.00,0.00,0.00,0.00,0.00,36.86,0.00,6.41,0.00,0.00,
경기,고양시 덕양구,0.00,0.00,0.00,0.00,0.00,0.00,0.00,0.00,0.00,0.00,0.00,0.00,0.00,0.00,0.00,0.00,0.00,337.18,0.00,0.00,1.27,2.12,1.06,2.76,49.62,90.97,70.19,0.00,0.00,0.00,0.42,0.00,5.73,0.00,50.89,0.00,355.42,3.82,0.21,3.39,0.21,58.95,22.69,4.88,0.00,0.00,0.00,6.79,0.42,0.00,0.00,3.82,0.85,0.00,2.76,1.27,0.00,0.42,0.00,0.00,0.21,1.91,0.00,9.97,0.00,0.00,
경기,고양시 일산동구,0.00,0.00,0.00,0.00,0.00,0.00,0.00,0.00,0.00,0.00,0.00,0.00,0.00,0.00,0.00,0.00,0.00,339.14,0.00,0.00,0.33,0.00,0.00,1.34,31.81,184.13,54.57,0.00,0.00,0.00,0.00,0.00,3.35,0.00,29.46,0.00,804.84,2.34,0.33,5.02,0.33,58.59,20.42,5.02,0.67,0.00,0.00,5.36,0.00,0.00,0.00,0.33,0.33,0.00,1.34,0.67,0.00,0.67,0.00,0.00,0.00,0.33,0.33,9.37,0.00,0.00,
경기,고양시 일산서구,0.00,0.00,0.00,0.00,0.00,0.00,0.00,0.00,0.00,0.00,0.00,0.00,0.00,0.00,0.00,0.00,0.00,271.38,0.00,0.00,0.66,0.33,0.33,0.66,32.72,130.57,94.54,0.00,0.00,0.00,0.33,0.00,4.63,0.00,50.57,0.00,277.33,1.65,0.33,3.31,0.66,65.78,37.68,5.29,0.33,0.00,0.00,4.63,0.33,0.00,0.00,0.66,0.33,0.00,1.98,0.00,0.00,0.33,0.00,0.00,0.00,0.33,0.33,6.94,0.00,0.00,
경기,과천시,0.00,0.00,0.00,0.00,0.00,0.00,0.00,0.00,0.00,0.00,0.00,0.00,0.00,0.00,0.00,0.00,0.00,442.73,0.00,0.00,0.00,0.00,0.00,4.94,37.85,123.44,65.83,0.00,0.00,0.00,0.00,0.00,13.17,0.00,141.54,0.00,0.00,6.58,0.00,1.65,0.00,32.92,1.65,11.52,1.65,0.00,0.00,14.81,1.65,0.00,0.00,0.00,0.00,0.00,4.94,0.00,0.00,1.65,0.00,0.00,0.00,1.65,0.00,21.40,0.00,0.00,
경기,광명시,0.00,0.00,0.00,0.00,0.00,0.00,0.00,0.00,0.00,0.00,0.00,0.00,0.00,0.00,0.00,0.00,0.00,227.91,0.00,0.00,0.33,0.33,0.98,4.23,31.54,145.00,95.59,0.00,0.00,0.00,0.00,0.00,3.25,0.00,21.46,0.00,306.27,2.28,0.00,1.95,0.33,63.72,7.15,5.85,0.33,0.00,0.00,9.10,0.00,0.00,0.00,0.65,0.98,0.00,1.30,0.98,0.00,1.30,0.00,0.00,0.00,0.00,0.00,8.45,0.33,0.00,
경기,광주시,0.00,0.00,0.00,0.00,0.00,0.00,0.00,0.00,0.00,0.00,0.00,0.00,0.00,0.00,0.00,0.00,0.00,306.87,0.00,0.00,0.53,0.80,0.80,2.39,42.67,160.06,118.72,0.00,0.00,0.00,0.00,0.00,5.04,0.00,84.54,0.00,193.45,12.19,0.27,6.10,0.00,71.29,4.77,5.30,0.27,0.00,0.27,6.10,0.00,0.00,0.00,1.06,0.80,0.00,1.06,0.27,0.00,0.53,0.00,0.00,0.00,1.59,0.00,9.54,0.00,0.00,
경기,구리시,0.00,0.00,0.00,0.00,0.00,0.00,0.00,0.00,0.00,0.00,0.00,0.00,0.00,0.00,0.00,0.00,0.00,374.07,0.50,0.00,0.50,0.00,0.00,2.02,44.87,143.68,139.65,0.00,0.00,0.00,0.00,0.00,4.54,0.00,31.76,0.00,375.08,3.02,0.00,4.03,0.00,59.99,2.52,7.56,0.00,0.00,0.00,6.05,1.51,0.00,0.00,1.01,0.50,0.00,1.01,0.00,0.00,0.00,0.00,0.00,0.00,0.50,0.00,7.06,0.00,0.00,
경기,군포시,0.00,0.00,0.00,0.00,0.00,0.00,0.00,0.00,0.00,0.00,0.00,0.00,0.00,0.00,0.00,0.00,0.00,436.28,0.00,0.00,0.00,0.36,0.00,2.91,44.76,79.69,57.49,0.00,0.00,0.00,0.36,0.00,1.82,0.00,16.74,0.00,312.93,8.73,0.00,2.18,0.00,71.68,3.64,2.91,1.09,0.00,0.00,16.37,0.00,0.00,0.00,0.73,1.09,0.00,0.36,0.00,0.00,0.36,0.00,0.00,0.00,0.00,0.00,6.91,0.00,0.00,
경기,김포시,0.00,0.00,0.00,0.00,0.00,0.00,0.00,0.00,0.00,0.00,0.00,0.00,0.00,0.00,0.00,0.00,0.00,444.47,0.44,0.00,1.10,0.22,0.88,3.51,58.17,259.44,140.04,0.00,0.00,0.00,0.22,0.00,2.85,0.22,108.43,0.00,606.46,12.95,0.00,2.63,0.22,73.09,57.95,3.95,0.88,0.00,0.22,6.58,1.32,0.00,0.00,3.29,0.66,0.00,1.10,0.00,0.00,0.00,0.00,0.00,0.00,1.10,0.00,10.76,0.00,0.22,
경기,남양주시,0.00,0.00,0.00,0.00,0.00,0.00,0.00,0.00,0.00,0.00,0.00,0.00,0.00,0.00,0.00,0.00,0.00,340.88,0.28,0.00,0.28,0.14,0.28,3.96,54.13,138.22,82.82,0.00,0.00,0.00,0.14,0.00,5.79,0.00,102.75,0.00,478.68,4.95,0.28,3.25,0.00,58.51,6.22,5.94,0.28,0.00,0.14,6.93,0.14,0.00,0.00,1.41,1.13,0.00,1.27,0.14,0.00,0.00,0.00,0.14,0.00,3.39,0.00,9.19,0.00,0.28,
경기,동두천시,0.00,0.00,0.00,0.00,0.00,0.00,0.00,0.00,0.00,0.00,0.00,0.00,0.00,0.00,0.00,0.00,0.00,184.01,1.06,0.00,0.00,0.00,0.00,4.23,54.99,31.73,125.84,0.00,0.00,0.00,2.12,0.00,8.46,0.00,48.65,0.00,96.23,8.46,0.00,6.35,0.00,134.30,17.98,2.12,0.00,0.00,0.00,5.29,0.00,0.00,0.00,3.17,0.00,0.00,2.12,0.00,0.00,0.00,0.00,0.00,0.00,4.23,0.00,13.75,0.00,0.00,
경기,부천시 소사구,-,-,-,-,-,-,-,-,-,-,-,-,-,-,-,-,-,-,-,-,-,-,-,-,-,-,-,-,-,-,-,-,-,-,-,-,-,-,-,-,-,-,-,-,-,-,-,-,-,-,-,-,-,-,-,-,-,-,-,-,-,-,-,-,-,-,
경기,부천시 오정구,-,-,-,-,-,-,-,-,-,-,-,-,-,-,-,-,-,-,-,-,-,-,-,-,-,-,-,-,-,-,-,-,-,-,-,-,-,-,-,-,-,-,-,-,-,-,-,-,-,-,-,-,-,-,-,-,-,-,-,-,-,-,-,-,-,-,
경기,부천시 원미구,-,-,-,-,-,-,-,-,-,-,-,-,-,-,-,-,-,-,-,-,-,-,-,-,-,-,-,-,-,-,-,-,-,-,-,-,-,-,-,-,-,-,-,-,-,-,-,-,-,-,-,-,-,-,-,-,-,-,-,-,-,-,-,-,-,-,
경기,성남시 분당구,0.00,0.00,0.00,0.00,0.00,0.00,0.00,0.00,0.00,0.00,0.00,0.00,0.00,0.00,0.00,0.00,0.00,343.83,0.00,0.00,0.21,0.21,0.21,1.65,19.58,128.83,111.73,0.00,0.00,0.00,0.21,0.00,5.57,0.00,88.64,0.21,381.56,6.60,0.00,2.27,0.00,32.57,5.36,3.71,1.24,0.00,0.21,6.18,0.41,0.00,0.00,2.89,0.21,0.00,1.86,0.00,0.00,0.00,0.00,0.00,0.00,1.24,0.00,9.07,0.00,0.00,
경기,성남시 수정구,0.00,0.00,0.00,0.00,0.00,0.00,0.00,0.00,0.00,0.00,0.00,0.00,0.00,0.00,0.00,0.00,0.00,205.72,0.42,0.00,0.84,0.00,1.26,0.42,34.01,47.02,75.99,0.00,0.00,0.00,0.00,0.00,6.30,0.00,44.50,0.00,274.57,9.66,0.00,3.78,0.00,94.88,2.52,9.24,0.00,0.00,0.84,11.76,0.00,0.00,0.00,0.42,0.42,0.00,2.10,0.00,0.00,0.00,0.00,0.42,0.00,1.26,0.00,13.85,0.00,0.00,
경기,성남시 중원구,0.00,0.00,0.00,0.00,0.00,0.00,0.00,0.00,0.00,0.00,0.00,0.00,0.00,0.00,0.00,0.00,0.00,172.87,0.00,0.00,0.00,0.00,0.46,1.38,44.02,60.07,151.32,0.00,0.00,0.00,0.46,0.00,3.67,0.00,89.87,0.00,69.24,11.00,0.00,6.42,0.00,78.41,1.83,5.04,0.00,0.00,0.00,7.80,0.00,0.00,0.00,0.00,1.38,0.00,4.13,0.46,0.00,0.00,0.00,0.00,0.00,0.00,0.00,11.46,0.00,0.46,
경기,수원시 권선구,0.00,0.00,0.00,0.00,0.00,0.00,0.00,0.00,0.00,0.00,0.00,0.00,0.00,0.00,0.00,0.00,0.00,325.50,0.00,0.00,0.00,0.00,0.00,0.27,50.24,74.82,105.35,0.00,0.00,0.00,0.00,0.00,2.97,0.00,45.65,0.00,193.41,6.21,0.27,4.86,0.27,76.45,2.43,5.67,1.08,0.00,0.27,17.29,0.81,0.00,0.00,0.54,0.27,0.00,0.81,1.35,0.00,0.54,0.00,0.00,0.00,0.27,0.00,15.67,0.00,0.00,
경기,수원시 영통구,0.00,0.00,0.00,0.00,0.00,0.00,0.00,0.00,0.00,0.00,0.00,0.00,0.00,0.00,0.00,0.00,0.00,417.46,0.27,0.00,0.27,0.00,0.54,1.63,25.77,63.20,100.64,0.00,0.00,0.00,0.27,0.00,3.53,0.00,64.02,0.00,307.33,2.71,0.00,4.07,0.00,32.55,2.17,3.26,0.00,0.00,0.00,11.66,0.27,0.00,0.00,1.09,1.36,0.00,1.36,0.81,0.00,0.27,0.00,0.00,0.00,0.27,0.00,7.05,0.00,0.54,
경기,수원시 장안구,0.00,0.00,0.00,0.00,0.00,0.00,0.00,0.00,0.00,0.00,0.00,0.00,0.00,0.00,0.00,0.00,0.00,276.43,0.00,0.00,0.72,0.00,0.36,1.45,46.01,59.05,62.68,0.00,0.00,0.00,0.72,0.00,2.90,0.00,59.05,0.00,894.87,4.35,0.00,3.99,0.00,62.68,4.71,7.25,0.36,0.00,0.36,11.96,0.72,0.00,0.00,0.00,0.72,0.00,1.09,0.36,0.00,0.00,0.00,0.00,0.00,0.72,0.00,10.87,0.00,0.00,
경기,수원시 팔달구,0.00,0.00,0.00,0.00,0.00,0.00,0.00,0.00,0.00,0.00,0.00,0.00,0.00,0.00,0.00,0.00,0.00,309.58,0.00,0.00,0.00,0.57,0.00,1.71,41.05,47.89,95.78,0.00,0.00,0.00,0.00,0.00,9.12,0.00,42.19,0.57,1255.43,3.42,0.00,8.55,1.14,163.63,3.99,7.41,1.71,0.00,1.14,15.39,0.00,0.00,0.00,0.57,1.71,0.00,2.85,0.00,0.00,0.57,0.00,0.00,0.00,0.00,0.00,16.53,0.00,0.00,
경기,시흥시,0.00,0.00,0.00,0.00,0.00,0.00,0.00,0.00,0.00,0.00,0.00,0.00,0.00,0.00,0.00,0.00,0.00,380.27,0.41,0.00,0.62,0.41,0.62,4.51,53.77,176.69,159.25,0.00,0.21,0.00,0.00,0.00,6.57,0.21,40.63,0.00,524.95,6.36,0.21,6.36,0.41,118.00,5.54,6.98,0.41,0.00,0.00,10.67,0.00,0.41,0.00,0.21,0.82,0.00,0.62,0.62,0.00,0.21,0.00,0.00,0.21,0.62,0.00,16.62,0.00,0.00,
경기,안산시 단원구,0.00,0.00,0.00,0.00,0.00,0.00,0.00,0.00,0.00,0.00,0.00,0.00,0.00,0.00,0.00,0.00,0.00,348.91,0.33,0.00,0.66,0.33,0.00,1.97,46.28,123.09,122.10,0.00,0.00,0.00,0.00,0.00,5.91,0.00,96.83,0.00,1016.19,14.44,0.00,8.21,0.00,159.19,5.58,6.24,0.98,0.00,0.33,46.61,0.00,0.00,0.00,1.31,0.98,0.00,0.98,0.00,0.00,0.00,0.00,0.00,0.00,0.00,0.00,20.02,0.33,0.00,
경기,안산시 상록구,0.00,0.00,0.00,0.00,0.00,0.00,0.00,0.00,0.00,0.00,0.00,0.00,0.00,0.00,0.00,0.00,0.00,247.81,0.57,0.00,0.00,0.00,0.29,30.72,38.77,144.15,93.90,0.00,0.00,0.00,0.00,0.00,6.89,0.00,36.47,0.00,460.01,8.90,0.00,6.03,0.00,116.87,6.03,7.47,0.57,0.00,0.57,38.48,0.29,0.00,0.00,1.15,0.86,0.00,1.44,0.29,0.00,0.00,0.00,0.00,0.00,0.86,0.00,12.06,0.00,0.29,
경기,안성시,0.00,0.00,0.00,0.00,0.00,0.00,0.00,0.00,0.00,0.00,0.00,0.00,0.00,0.00,0.00,0.00,0.00,622.54,0.00,0.00,0.00,0.54,0.54,2.70,66.41,103.13,79.37,0.00,0.00,0.00,0.00,0.00,3.78,0.54,81.53,0.00,224.07,7.56,0.00,5.40,0.00,113.93,1.08,6.48,0.00,0.00,0.00,32.94,0.00,0.00,0.00,3.78,1.62,0.00,1.08,0.54,0.00,0.54,0.00,0.00,0.00,2.16,0.00,11.88,0.00,0.00,
경기,안양시 동안구,0.00,0.00,0.00,0.00,0.00,0.00,0.00,0.00,0.00,0.00,0.00,0.00,0.00,0.00,0.00,0.00,0.00,732.21,0.00,0.00,0.00,0.00,0.32,4.74,33.47,232.70,72.94,0.00,0.00,0.00,0.32,0.00,3.16,0.00,71.04,0.00,604.65,8.84,0.95,3.79,0.00,32.21,2.84,5.68,0.32,0.00,0.00,13.26,0.00,0.00,0.00,0.95,0.32,0.00,2.53,0.63,0.00,0.95,0.00,0.00,0.32,2.21,0.00,7.58,0.00,0.00,
경기,안양시 만안구,0.00,0.00,0.00,0.00,0.00,0.00,0.00,0.00,0.00,0.00,0.00,0.00,0.00,0.00,0.00,0.00,0.00,282.85,0.00,0.00,0.00,0.00,0.00,5.38,43.01,110.82,83.53,0.00,0.00,0.00,0.41,0.00,6.20,0.00,55.83,0.00,274.58,4.14,0.41,3.31,0.41,74.02,2.89,11.58,0.41,0.00,0.00,21.92,0.00,0.00,0.00,0.83,0.83,0.00,2.07,1.65,0.00,1.65,0.00,0.41,0.00,0.83,0.00,10.34,0.00,0.00,
경기,양주시,0.00,0.00,0.00,0.00,0.00,0.00,0.00,0.00,0.00,0.00,0.00,0.00,0.00,0.00,0.00,0.00,0.00,399.40,1.33,0.00,0.44,0.00,0.44,2.21,59.20,118.41,129.45,0.00,0.00,0.00,0.00,0.00,9.28,0.00,106.92,0.00,128.57,11.05,0.44,14.58,1.77,73.78,36.67,3.09,0.44,0.00,0.00,6.63,2.21,0.00,0.00,2.21,0.00,0.00,0.44,3.53,0.00,0.44,0.00,0.00,0.00,2.65,0.00,9.72,0.00,0.00,
경기,양평군,0.00,0.00,0.00,0.00,0.00,0.00,0.00,0.00,0.00,0.00,0.00,0.00,0.00,0.00,0.00,0.00,0.00,358.96,0.00,0.00,0.00,0.00,0.00,2.55,39.88,92.50,78.92,0.00,0.00,0.00,0.00,0.00,5.09,0.00,63.64,0.00,78.92,9.33,0.00,5.94,0.85,67.89,3.39,10.18,0.85,0.00,0.85,9.33,0.00,0.00,0.00,2.55,0.85,0.00,0.00,0.00,0.00,0.85,0.00,0.00,0.85,4.24,0.00,6.79,0.00,0.00,
경기,여주시,0.00,0.00,0.00,0.00,0.00,0.00,0.00,0.00,0.00,0.00,0.00,0.00,0.00,0.00,0.00,0.00,0.00,570.45,0.00,0.00,0.00,1.79,0.90,0.90,53.82,36.77,113.91,0.00,0.00,0.00,0.90,0.00,8.07,0.00,12.56,0.00,177.59,10.76,0.90,2.69,0.00,72.65,0.90,8.07,1.79,0.00,0.00,10.76,0.00,0.00,0.00,3.59,0.90,0.00,0.00,0.00,0.00,0.00,0.00,0.00,0.00,1.79,0.00,10.76,0.00,0.00,
경기,연천군,0.00,0.00,0.00,0.00,0.00,0.00,0.00,0.00,0.00,0.00,0.00,0.00,0.00,0.00,0.00,0.00,0.00,190.06,0.00,0.00,0.00,0.00,2.29,0.00,34.35,9.16,141.97,0.00,0.00,0.00,0.00,0.00,6.87,0.00,57.25,0.00,82.44,2.29,0.00,9.16,0.00,105.34,242.73,6.87,0.00,0.00,0.00,34.35,0.00,0.00,0.00,11.45,2.29,0.00,0.00,4.58,0.00,0.00,0.00,0.00,2.29,4.58,0.00,6.87,0.00,0.00,
경기,오산시,0.00,0.00,0.00,0.00,0.00,0.00,0.00,0.00,0.00,0.00,0.00,0.00,0.00,0.00,0.00,0.00,0.00,498.57,0.00,0.00,0.88,0.00,0.00,4.38,49.55,350.80,141.63,0.00,0.00,0.00,0.00,0.00,2.19,0.44,18.42,0.00,449.02,12.72,0.00,7.45,0.88,103.92,1.75,5.70,0.44,0.00,0.00,11.40,0.00,0.00,0.00,1.75,0.44,0.00,2.19,0.44,0.00,1.32,0.00,0.00,0.00,0.88,0.00,11.40,0.00,0.44,
경기,용인시 기흥구,0.00,0.00,0.00,0.00,0.00,0.00,0.00,0.00,0.00,0.00,0.00,0.00,0.00,0.00,0.00,0.00,0.00,363.75,0.23,0.00,0.00,0.23,0.23,2.51,32.36,52.65,95.72,0.00,0.00,0.00,0.23,0.00,3.87,0.00,69.51,0.68,274.41,7.07,0.00,2.28,0.00,52.42,1.14,9.34,0.68,0.00,0.23,19.37,0.00,0.00,0.00,0.91,0.46,0.00,1.14,0.46,0.00,0.68,0.00,0.00,0.00,0.91,0.23,6.61,0.00,0.00,
경기,용인시 수지구,0.00,0.00,0.00,0.00,0.00,0.00,0.00,0.00,0.00,0.00,0.00,0.00,0.00,0.00,0.00,0.00,0.00,372.14,0.81,0.00,0.00,0.00,0.00,2.15,22.82,74.37,154.66,0.00,0.00,0.00,0.27,0.27,4.83,0.00,218.83,0.00,42.15,7.25,0.00,1.34,0.00,37.32,3.22,4.83,0.00,0.00,0.81,9.13,0.00,0.00,0.00,0.81,0.54,0.00,3.22,0.27,0.00,0.54,0.00,0.27,0.00,0.54,0.00,9.40,0.00,0.27,
경기,용인시 처인구,0.00,0.00,0.00,0.00,0.00,0.00,0.00,0.00,0.00,0.00,0.00,0.00,0.00,0.00,0.00,0.00,0.00,307.00,0.00,0.00,0.39,0.00,0.39,3.13,41.06,86.04,122.80,0.00,0.00,0.00,0.00,0.00,4.69,0.00,45.76,0.00,319.91,7.82,0.39,3.52,0.78,66.88,3.91,12.91,0.00,0.00,0.00,19.95,0.00,0.00,0.00,1.17,1.17,0.00,1.56,0.39,0.00,0.00,0.00,0.00,0.00,2.74,0.00,12.91,0.00,0.39,
경기,의왕시,0.00,0.00,0.00,0.00,0.00,0.00,0.00,0.00,0.00,0.00,0.00,0.00,0.00,0.00,0.00,0.00,0.00,354.52,0.00,0.00,1.23,0.00,1.85,2.46,34.47,97.25,70.78,0.00,0.00,0.00,0.00,0.00,4.31,0.00,135.41,0.00,211.11,4.92,0.62,2.46,0.00,42.47,3.08,5.54,1.23,0.00,0.00,12.93,1.23,0.00,0.00,0.62,0.00,0.00,1.23,0.00,0.00,0.62,0.00,0.00,0.00,0.00,0.00,12.93,0.00,0.00,
경기,의정부시,0.00,0.00,0.00,0.00,0.00,0.00,0.00,0.00,0.00,0.00,0.00,0.00,0.00,0.00,0.00,0.00,0.00,246.28,0.22,0.00,0.00,0.22,0.88,2.41,46.63,61.30,90.63,0.00,0.00,0.00,0.22,0.00,6.57,0.00,98.51,0.00,988.42,6.35,0.00,5.04,0.00,78.15,7.66,4.16,0.22,0.00,0.44,4.60,0.44,0.00,0.00,0.88,1.31,0.00,0.66,1.75,0.00,0.00,0.00,0.00,0.22,2.19,0.00,12.92,0.00,0.00,
경기,이천시,0.00,0.00,0.00,0.00,0.00,0.00,0.00,0.00,0.00,0.00,0.00,0.00,0.00,0.00,0.00,0.00,0.00,444.47,0.00,0.00,0.92,0.00,0.00,4.15,41.45,55.73,169.96,0.00,0.00,0.00,0.00,0.00,5.99,0.00,46.06,0.00,30.40,8.29,0.00,4.15,1.38,56.19,3.22,6.45,0.46,0.00,0.00,11.51,0.46,0.00,0.00,1.38,1.38,0.00,0.92,0.46,0.00,0.00,0.00,0.00,0.46,0.46,0.00,12.90,0.00,0.00,
경기,파주시,0.00,0.00,0.00,0.00,0.00,0.00,0.00,0.00,0.00,0.00,0.00,0.00,0.00,0.00,0.00,0.00,0.00,389.71,0.22,0.00,0.22,0.65,0.87,2.83,56.98,146.14,96.99,0.00,0.00,0.00,0.00,0.00,9.13,0.00,78.72,0.00,127.87,5.44,0.22,3.70,0.65,70.46,131.14,6.09,0.65,0.00,0.00,10.22,0.43,0.43,0.00,2.39,1.09,0.00,1.09,0.22,0.00,0.65,0.00,0.00,0.00,2.39,0.00,8.48,0.00,0.22,
경기,평택시,0.00,0.00,0.00,0.00,0.00,0.00,0.00,0.00,0.00,0.00,0.00,0.00,0.00,0.00,0.00,0.00,0.00,482.51,0.00,0.00,0.95,0.38,0.57,6.09,48.94,109.49,151.00,0.00,0.00,0.00,0.00,0.00,3.24,0.00,65.88,0.00,278.58,9.14,0.57,4.95,0.19,102.82,3.43,3.43,0.95,0.00,0.00,33.70,0.38,0.00,0.00,3.05,1.14,0.00,1.14,0.38,0.00,0.76,0.00,0.19,0.00,0.38,0.00,11.62,0.00,0.00,
경기,포천시,0.00,0.00,0.00,0.00,0.00,0.00,0.00,0.00,0.00,0.00,0.00,0.00,0.00,0.00,0.00,0.00,0.00,336.88,0.00,0.00,0.68,2.03,0.00,6.09,54.79,64.94,52.09,0.00,0.00,0.00,0.00,0.00,8.12,0.00,38.56,0.00,335.53,11.50,2.03,6.09,0.68,87.94,17.59,6.09,0.00,0.00,0.68,10.82,1.35,0.68,0.00,29.09,1.35,0.00,2.03,2.03,0.00,1.35,0.00,0.00,0.00,14.21,0.00,10.82,0.68,0.00,
경기,하남시,0.00,0.00,0.00,0.00,0.00,0.00,0.00,0.00,0.00,0.00,0.00,0.00,0.00,0.00,0.00,0.00,0.00,383.10,0.71,0.00,0.00,0.00,0.71,3.89,34.63,171.05,98.60,0.00,0.00,0.00,0.00,0.00,4.24,0.00,112.39,0.00,59.02,9.54,0.00,6.36,0.00,53.72,3.53,10.60,0.35,0.00,0.35,9.54,0.35,0.00,0.00,0.35,1.06,0.00,1.77,0.71,0.00,0.35,0.00,0.00,0.71,3.53,0.00,8.48,0.00,0.00,
경기,화성시,0.00,0.00,0.00,0.00,0.00,0.00,0.00,0.00,0.00,0.00,0.00,0.00,0.00,0.00,0.00,0.00,0.00,494.30,0.24,0.00,0.12,0.12,0.12,2.15,40.46,133.48,134.32,0.00,0.00,0.00,0.36,0.00,3.95,0.00,58.78,0.00,261.34,23.94,0.00,4.79,0.12,58.18,1.92,3.11,0.48,0.00,0.24,51.00,0.12,0.00,0.00,2.04,0.24,0.00,1.44,0.12,0.00,0.12,0.00,0.12,0.00,0.48,0.00,9.58,0.00,0.00,
경기,양주군,-,-,-,-,-,-,-,-,-,-,-,-,-,-,-,-,-,-,-,-,-,-,-,-,-,-,-,-,-,-,-,-,-,-,-,-,-,-,-,-,-,-,-,-,-,-,-,-,-,-,-,-,-,-,-,-,-,-,-,-,-,-,-,-,-,-,
경기,포천군,-,-,-,-,-,-,-,-,-,-,-,-,-,-,-,-,-,-,-,-,-,-,-,-,-,-,-,-,-,-,-,-,-,-,-,-,-,-,-,-,-,-,-,-,-,-,-,-,-,-,-,-,-,-,-,-,-,-,-,-,-,-,-,-,-,-,
경기,고양시 일산구,-,-,-,-,-,-,-,-,-,-,-,-,-,-,-,-,-,-,-,-,-,-,-,-,-,-,-,-,-,-,-,-,-,-,-,-,-,-,-,-,-,-,-,-,-,-,-,-,-,-,-,-,-,-,-,-,-,-,-,-,-,-,-,-,-,-,
경기,용인시,-,-,-,-,-,-,-,-,-,-,-,-,-,-,-,-,-,-,-,-,-,-,-,-,-,-,-,-,-,-,-,-,-,-,-,-,-,-,-,-,-,-,-,-,-,-,-,-,-,-,-,-,-,-,-,-,-,-,-,-,-,-,-,-,-,-,
경기,고양시 일산동,-,-,-,-,-,-,-,-,-,-,-,-,-,-,-,-,-,-,-,-,-,-,-,-,-,-,-,-,-,-,-,-,-,-,-,-,-,-,-,-,-,-,-,-,-,-,-,-,-,-,-,-,-,-,-,-,-,-,-,-,-,-,-,-,-,-,
경기,안산시,-,-,-,-,-,-,-,-,-,-,-,-,-,-,-,-,-,-,-,-,-,-,-,-,-,-,-,-,-,-,-,-,-,-,-,-,-,-,-,-,-,-,-,-,-,-,-,-,-,-,-,-,-,-,-,-,-,-,-,-,-,-,-,-,-,-,
경기,부천시,0.00,0.00,0.00,0.00,0.00,0.00,0.00,0.00,0.00,0.00,0.00,0.00,0.00,0.00,0.00,0.00,0.00,236.60,0.12,0.00,0.24,0.97,0.12,0.61,41.98,18.69,90.88,0.00,0.00,0.00,0.12,0.00,5.46,0.00,21.23,0.00,616.73,4.25,0.12,4.37,0.36,85.90,6.67,3.28,0.61,0.00,0.00,9.10,0.24,0.12,0.00,0.73,1.09,0.00,1.21,0.61,0.00,0.24,0.00,0.00,0.12,0.73,0.00,6.31,0.00,0.24,
경기,화성시 동탄구,-,-,-,-,-,-,-,-,-,-,-,-,-,-,-,-,-,-,-,-,-,-,-,-,-,-,-,-,-,-,-,-,-,-,-,-,-,-,-,-,-,-,-,-,-,-,-,-,-,-,-,-,-,-,-,-,-,-,-,-,-,-,-,-,-,-,
경기,화성시 만세구,-,-,-,-,-,-,-,-,-,-,-,-,-,-,-,-,-,-,-,-,-,-,-,-,-,-,-,-,-,-,-,-,-,-,-,-,-,-,-,-,-,-,-,-,-,-,-,-,-,-,-,-,-,-,-,-,-,-,-,-,-,-,-,-,-,-,
경기,화성시 병점구,-,-,-,-,-,-,-,-,-,-,-,-,-,-,-,-,-,-,-,-,-,-,-,-,-,-,-,-,-,-,-,-,-,-,-,-,-,-,-,-,-,-,-,-,-,-,-,-,-,-,-,-,-,-,-,-,-,-,-,-,-,-,-,-,-,-,
경기,화성시 효행구,-,-,-,-,-,-,-,-,-,-,-,-,-,-,-,-,-,-,-,-,-,-,-,-,-,-,-,-,-,-,-,-,-,-,-,-,-,-,-,-,-,-,-,-,-,-,-,-,-,-,-,-,-,-,-,-,-,-,-,-,-,-,-,-,-,-,
강원,강원,0.00,0.00,0.00,0.00,0.00,0.00,0.00,0.00,0.00,0.06,0.00,0.00,0.00,0.00,0.00,0.00,0.00,341.01,0.19,0.00,0.26,0.78,0.06,2.92,25.87,113.41,116.98,0.00,0.00,0.00,0.06,0.00,5.51,0.00,62.90,0.00,324.67,15.24,0.32,4.09,0.52,64.00,7.98,4.28,0.26,0.00,0.00,9.01,1.17,0.00,0.00,7.85,0.91,0.00,1.10,0.26,0.00,0.45,0.00,0.06,0.06,11.02,0.00,7.13,0.00,0.00,
강원,강릉시,0.00,0.00,0.00,0.00,0.00,0.00,0.00,0.00,0.00,0.00,0.00,0.00,0.00,0.00,0.00,0.00,0.00,420.84,0.00,0.00,0.00,0.47,0.00,2.81,17.34,14.06,181.36,0.00,0.00,0.00,0.47,0.00,3.28,0.00,122.78,0.00,422.72,8.90,0.47,3.75,0.47,64.20,1.41,3.75,0.47,0.00,0.00,6.56,2.34,0.00,0.00,4.22,0.47,0.00,0.94,0.00,0.00,0.00,0.00,0.47,0.00,3.75,0.00,4.69,0.00,0.00,
강원,고성군,0.00,0.00,0.00,0.00,0.00,0.00,0.00,0.00,0.00,0.00,0.00,0.00,0.00,0.00,0.00,0.00,0.00,333.22,0.00,0.00,0.00,0.00,0.00,0.00,11.11,66.64,51.83,0.00,0.00,0.00,0.00,0.00,3.70,0.00,33.32,0.00,0.00,11.11,0.00,3.70,0.00,92.56,18.51,3.70,0.00,0.00,0.00,7.40,0.00,0.00,0.00,3.70,0.00,0.00,0.00,0.00,0.00,0.00,0.00,0.00,0.00,22.21,0.00,7.40,0.00,0.00,
강원,동해시,0.00,0.00,0.00,0.00,0.00,0.00,0.00,0.00,0.00,0.00,0.00,0.00,0.00,0.00,0.00,0.00,0.00,271.65,0.00,0.00,0.00,3.31,0.00,3.31,13.25,320.24,89.45,0.00,0.00,0.00,0.00,0.00,5.52,0.00,24.29,0.00,138.03,5.52,0.00,2.21,0.00,50.80,3.31,0.00,0.00,0.00,0.00,3.31,0.00,0.00,0.00,1.10,0.00,0.00,1.10,0.00,0.00,0.00,0.00,0.00,0.00,5.52,0.00,4.42,0.00,0.00,
강원,삼척시,0.00,0.00,0.00,0.00,0.00,0.00,0.00,0.00,0.00,0.00,0.00,0.00,0.00,0.00,0.00,0.00,0.00,196.27,0.00,0.00,3.02,0.00,0.00,1.51,18.12,37.74,403.10,0.00,0.00,0.00,0.00,0.00,7.55,0.00,123.80,0.00,49.82,7.55,1.51,6.04,0.00,95.11,1.51,3.02,0.00,0.00,0.00,6.04,1.51,0.00,0.00,0.00,1.51,0.00,0.00,1.51,0.00,0.00,0.00,0.00,0.00,12.08,0.00,9.06,0.00,0.00,
강원,속초시,0.00,0.00,0.00,0.00,0.00,0.00,0.00,0.00,0.00,0.00,0.00,0.00,0.00,0.00,0.00,0.00,0.00,271.20,0.00,0.00,0.00,0.00,0.00,3.65,42.57,173.91,85.13,0.00,0.00,0.00,0.00,0.00,2.43,0.00,62.02,0.00,144.72,9.73,1.22,9.73,0.00,88.78,1.22,3.65,0.00,0.00,0.00,3.65,1.22,0.00,0.00,4.86,0.00,0.00,3.65,0.00,0.00,0.00,0.00,0.00,0.00,3.65,0.00,8.51,0.00,0.00,
강원,양구군,0.00,0.00,0.00,0.00,0.00,0.00,0.00,0.00,0.00,0.00,0.00,0.00,0.00,0.00,0.00,0.00,0.00,337.46,0.00,0.00,0.00,4.44,0.00,26.64,26.64,137.65,57.72,0.00,0.00,0.00,0.00,0.00,4.44,0.00,17.76,0.00,62.16,22.20,0.00,0.00,4.44,53.28,13.32,0.00,0.00,0.00,0.00,4.44,0.00,0.00,0.00,17.76,0.00,0.00,0.00,0.00,0.00,0.00,0.00,0.00,4.44,48.84,0.00,0.00,0.00,0.00,
강원,양양군,0.00,0.00,0.00,0.00,0.00,0.00,0.00,0.00,0.00,0.00,0.00,0.00,0.00,0.00,0.00,0.00,0.00,337.69,0.00,0.00,0.00,0.00,0.00,0.00,25.15,161.66,93.40,0.00,0.00,0.00,0.00,0.00,10.78,0.00,61.07,0.00,0.00,10.78,0.00,10.78,0.00,57.48,0.00,3.59,3.59,0.00,0.00,14.37,3.59,0.00,0.00,21.55,0.00,0.00,0.00,0.00,0.00,0.00,0.00,0.00,0.00,25.15,0.00,7.18,0.00,0.00,
강원,영월군,0.00,0.00,0.00,0.00,0.00,0.00,0.00,0.00,0.00,0.00,0.00,0.00,0.00,0.00,0.00,0.00,0.00,313.66,0.00,0.00,0.00,0.00,0.00,0.00,25.71,12.86,46.28,0.00,0.00,0.00,0.00,0.00,5.14,0.00,46.28,0.00,66.85,23.14,0.00,2.57,0.00,64.28,2.57,10.28,0.00,0.00,0.00,5.14,0.00,0.00,0.00,5.14,2.57,0.00,0.00,0.00,0.00,0.00,0.00,0.00,0.00,20.57,0.00,7.71,0.00,0.00,
강원,원주시,0.00,0.00,0.00,0.00,0.00,0.00,0.00,0.00,0.00,0.00,0.00,0.00,0.00,0.00,0.00,0.00,0.00,375.22,0.28,0.00,0.00,0.28,0.00,1.71,25.30,161.46,125.64,0.00,0.00,0.00,0.00,0.00,4.83,0.00,60.26,0.00,500.57,17.06,0.00,2.27,0.57,56.57,0.57,6.54,0.28,0.00,0.00,6.25,0.28,0.00,0.00,1.14,1.14,0.00,0.57,0.28,0.00,0.57,0.00,0.00,0.00,2.84,0.00,5.69,0.00,0.00,
강원,인제군,0.00,0.00,0.00,0.00,0.00,0.00,0.00,0.00,0.00,0.00,0.00,0.00,0.00,0.00,0.00,0.00,0.00,347.19,3.16,0.00,0.00,0.00,0.00,0.00,28.41,129.41,47.34,0.00,0.00,0.00,0.00,0.00,18.94,0.00,6.31,0.00,6.31,31.56,0.00,12.63,0.00,50.50,6.31,3.16,0.00,0.00,0.00,6.31,3.16,0.00,0.00,12.63,3.16,0.00,0.00,0.00,0.00,0.00,0.00,0.00,0.00,44.19,0.00,12.63,0.00,0.00,
강원,정선군,0.00,0.00,0.00,0.00,0.00,0.00,0.00,0.00,0.00,0.00,0.00,0.00,0.00,0.00,0.00,0.00,0.00,331.80,0.00,0.00,0.00,0.00,0.00,2.70,24.28,13.49,37.77,0.00,0.00,0.00,0.00,0.00,5.40,0.00,56.65,0.00,0.00,24.28,0.00,2.70,0.00,151.06,0.00,16.19,0.00,0.00,0.00,13.49,0.00,0.00,0.00,5.40,0.00,0.00,2.70,0.00,0.00,0.00,0.00,0.00,0.00,5.40,0.00,10.79,0.00,0.00,
강원,철원군,0.00,0.00,0.00,0.00,0.00,0.00,0.00,0.00,0.00,0.00,0.00,0.00,0.00,0.00,0.00,0.00,0.00,327.85,0.00,0.00,0.00,0.00,0.00,4.43,31.01,48.74,48.74,0.00,0.00,0.00,0.00,0.00,6.65,0.00,70.89,0.00,4.43,6.65,0.00,4.43,2.22,26.58,188.29,2.22,0.00,0.00,0.00,33.23,2.22,0.00,0.00,28.80,0.00,0.00,0.00,0.00,0.00,0.00,0.00,0.00,0.00,15.51,0.00,0.00,0.00,0.00,
강원,춘천시,0.00,0.00,0.00,0.00,0.00,0.00,0.00,0.00,0.00,0.35,0.00,0.00,0.00,0.00,0.00,0.00,0.00,333.65,0.35,0.00,0.00,1.06,0.00,3.19,29.78,103.18,81.91,0.00,0.00,0.00,0.00,0.00,8.16,0.00,62.76,0.00,655.61,18.79,0.00,4.25,0.35,37.58,3.90,2.84,0.00,0.00,0.00,8.51,1.42,0.00,0.00,10.64,0.35,0.00,2.48,0.35,0.00,0.35,0.00,0.00,0.00,10.99,0.00,8.51,0.00,0.00,
강원,태백시,0.00,0.00,0.00,0.00,0.00,0.00,0.00,0.00,0.00,0.00,0.00,0.00,0.00,0.00,0.00,0.00,0.00,187.10,0.00,0.00,4.62,2.31,2.31,2.31,6.93,16.17,80.84,0.00,0.00,0.00,0.00,0.00,2.31,0.00,30.03,0.00,53.13,6.93,0.00,6.93,0.00,108.56,0.00,2.31,0.00,0.00,0.00,4.62,0.00,0.00,0.00,0.00,2.31,0.00,0.00,0.00,0.00,0.00,0.00,0.00,0.00,9.24,0.00,6.93,0.00,0.00,
강원,평창군,0.00,0.00,0.00,0.00,0.00,0.00,0.00,0.00,0.00,0.00,0.00,0.00,0.00,0.00,0.00,0.00,0.00,250.63,0.00,0.00,0.00,2.39,0.00,2.39,42.97,11.93,85.93,0.00,0.00,0.00,0.00,0.00,4.77,0.00,16.71,0.00,0.00,9.55,0.00,2.39,0.00,88.32,0.00,7.16,0.00,0.00,0.00,14.32,0.00,0.00,0.00,2.39,0.00,0.00,0.00,0.00,0.00,4.77,0.00,0.00,0.00,9.55,0.00,2.39,0.00,0.00,
강원,홍천군,0.00,0.00,0.00,0.00,0.00,0.00,0.00,0.00,0.00,0.00,0.00,0.00,0.00,0.00,0.00,0.00,0.00,382.97,0.00,0.00,0.00,1.45,0.00,4.34,43.36,151.74,108.39,0.00,0.00,0.00,0.00,0.00,1.45,0.00,41.91,0.00,111.28,21.68,1.45,2.89,1.45,66.48,0.00,2.89,0.00,0.00,0.00,21.68,1.45,0.00,0.00,37.57,0.00,0.00,0.00,0.00,0.00,1.45,0.00,0.00,0.00,24.57,0.00,10.12,0.00,0.00,
강원,화천군,0.00,0.00,0.00,0.00,0.00,0.00,0.00,0.00,0.00,0.00,0.00,0.00,0.00,0.00,0.00,0.00,0.00,233.05,0.00,0.00,0.00,0.00,0.00,4.02,28.13,48.22,104.47,0.00,0.00,0.00,0.00,0.00,8.04,0.00,12.05,0.00,0.00,16.07,4.02,8.04,0.00,96.44,24.11,4.02,4.02,0.00,0.00,20.09,8.04,0.00,0.00,36.16,4.02,0.00,0.00,0.00,0.00,4.02,0.00,0.00,0.00,68.31,0.00,12.05,0.00,0.00,
강원,횡성군,0.00,0.00,0.00,0.00,0.00,0.00,0.00,0.00,0.00,0.00,0.00,0.00,0.00,0.00,0.00,0.00,0.00,492.22,0.00,0.00,0.00,0.00,0.00,4.30,30.09,227.84,68.78,0.00,0.00,0.00,0.00,0.00,4.30,0.00,19.34,0.00,159.06,36.54,0.00,2.15,2.15,101.02,0.00,2.15,0.00,0.00,0.00,21.49,0.00,0.00,0.00,10.75,6.45,0.00,2.15,2.15,0.00,0.00,0.00,0.00,0.00,17.20,0.00,21.49,0.00,0.00,
충북,충북,0.00,0.00,0.00,0.00,0.00,0.00,0.00,0.00,0.00,0.00,0.00,0.00,0.00,0.00,0.00,0.00,0.00,375.78,0.44,0.00,0.31,0.12,0.37,1.87,40.61,58.61,85.98,0.00,0.00,0.00,0.06,0.00,4.50,0.19,50.55,0.00,174.95,6.87,0.69,3.94,0.19,61.98,1.19,5.31,0.12,0.00,0.19,44.61,1.87,0.00,0.00,3.31,0.69,0.00,1.00,3.31,0.00,0.62,0.00,0.00,0.00,2.75,0.00,8.87,0.00,0.00,
충북,괴산군,0.00,0.00,0.00,0.00,0.00,0.00,0.00,0.00,0.00,0.00,0.00,0.00,0.00,0.00,0.00,0.00,0.00,168.03,0.00,0.00,0.00,0.00,0.00,2.55,66.19,157.85,33.10,0.00,0.00,0.00,0.00,0.00,2.55,2.55,2.55,0.00,290.24,5.09,0.00,2.55,0.00,56.01,2.55,2.55,0.00,0.00,0.00,66.19,5.09,0.00,0.00,15.28,0.00,0.00,0.00,5.09,0.00,0.00,0.00,0.00,0.00,2.55,0.00,2.55,0.00,0.00,
충북,단양군,0.00,0.00,0.00,0.00,0.00,0.00,0.00,0.00,0.00,0.00,0.00,0.00,0.00,0.00,0.00,0.00,0.00,210.48,0.00,0.00,0.00,0.00,0.00,0.00,30.55,30.55,27.16,0.00,0.00,0.00,0.00,0.00,0.00,0.00,16.97,0.00,3.39,40.74,0.00,6.79,0.00,61.11,0.00,3.39,0.00,0.00,0.00,13.58,3.39,0.00,0.00,3.39,3.39,0.00,0.00,0.00,0.00,0.00,0.00,0.00,0.00,3.39,0.00,3.39,0.00,0.00,
충북,보은군,0.00,0.00,0.00,0.00,0.00,0.00,0.00,0.00,0.00,0.00,0.00,0.00,0.00,0.00,0.00,0.00,0.00,241.73,0.00,0.00,0.00,0.00,0.00,3.06,45.90,42.84,39.78,0.00,0.00,0.00,0.00,0.00,12.24,0.00,21.42,0.00,58.14,9.18,0.00,3.06,3.06,76.50,0.00,12.24,0.00,0.00,3.06,76.50,9.18,0.00,0.00,12.24,0.00,0.00,0.00,3.06,0.00,3.06,0.00,0.00,0.00,6.12,0.00,6.12,0.00,0.00,
충북,영동군,0.00,0.00,0.00,0.00,0.00,0.00,0.00,0.00,0.00,0.00,0.00,0.00,0.00,0.00,0.00,0.00,0.00,378.32,0.00,0.00,0.00,0.00,2.08,4.16,54.05,8.31,47.81,0.00,0.00,0.00,0.00,0.00,10.39,0.00,12.47,0.00,191.24,4.16,0.00,4.16,0.00,66.52,0.00,6.24,0.00,0.00,4.16,413.66,6.24,0.00,0.00,6.24,4.16,0.00,0.00,0.00,0.00,0.00,0.00,0.00,0.00,2.08,0.00,8.31,0.00,0.00,
충북,옥천군,0.00,0.00,0.00,0.00,0.00,0.00,0.00,0.00,0.00,0.00,0.00,0.00,0.00,0.00,0.00,0.00,0.00,470.70,0.00,0.00,0.00,0.00,0.00,0.00,37.42,5.91,74.84,0.00,0.00,0.00,0.00,0.00,7.88,0.00,15.76,0.00,55.15,3.94,1.97,7.88,0.00,122.11,1.97,7.88,0.00,0.00,0.00,287.54,11.82,0.00,0.00,23.63,0.00,0.00,1.97,5.91,0.00,0.00,0.00,0.00,0.00,9.85,0.00,5.91,0.00,0.00,
충북,음성군,0.00,0.00,0.00,0.00,0.00,0.00,0.00,0.00,0.00,0.00,0.00,0.00,0.00,0.00,0.00,0.00,0.00,156.27,1.06,0.00,0.00,0.00,0.00,1.06,49.96,43.59,35.08,0.00,0.00,0.00,0.00,0.00,4.25,0.00,13.82,0.00,220.05,15.95,1.06,5.32,1.06,114.81,1.06,1.06,1.06,0.00,0.00,6.38,0.00,0.00,0.00,3.19,0.00,0.00,3.19,6.38,0.00,0.00,0.00,0.00,0.00,1.06,0.00,8.50,0.00,0.00,
충북,제천시,0.00,0.00,0.00,0.00,0.00,0.00,0.00,0.00,0.00,0.00,0.00,0.00,0.00,0.00,0.00,0.00,0.00,683.76,0.00,0.00,0.75,0.00,0.75,0.75,29.14,27.65,84.44,0.00,0.00,0.00,0.00,0.00,6.73,0.00,32.13,0.00,88.93,9.71,0.75,3.74,0.00,71.74,0.75,5.98,0.00,0.00,0.00,5.23,1.49,0.00,0.00,5.23,1.49,0.00,0.00,4.48,0.00,0.75,0.00,0.00,0.00,3.74,0.00,7.47,0.00,0.00,
충북,증평군,0.00,0.00,0.00,0.00,0.00,0.00,0.00,0.00,0.00,0.00,0.00,0.00,0.00,0.00,0.00,0.00,0.00,361.19,0.00,0.00,0.00,0.00,0.00,2.70,37.74,59.30,78.17,0.00,0.00,0.00,0.00,0.00,2.70,0.00,29.65,0.00,5.39,8.09,0.00,5.39,0.00,83.56,0.00,0.00,0.00,0.00,0.00,75.47,0.00,0.00,0.00,2.70,0.00,0.00,0.00,5.39,0.00,0.00,0.00,0.00,0.00,0.00,0.00,8.09,0.00,0.00,
충북,진천군,0.00,0.00,0.00,0.00,0.00,0.00,0.00,0.00,0.00,0.00,0.00,0.00,0.00,0.00,0.00,0.00,0.00,445.38,2.43,0.00,0.00,0.00,1.21,1.21,61.89,50.97,43.69,0.00,0.00,0.00,0.00,0.00,2.43,0.00,32.77,0.00,298.54,29.13,3.64,4.85,1.21,112.86,2.43,4.85,0.00,0.00,0.00,21.84,2.43,0.00,0.00,2.43,0.00,0.00,1.21,4.85,0.00,1.21,0.00,0.00,0.00,1.21,0.00,8.50,0.00,0.00,
충북,청원군,-,-,-,-,-,-,-,-,-,-,-,-,-,-,-,-,-,-,-,-,-,-,-,-,-,-,-,-,-,-,-,-,-,-,-,-,-,-,-,-,-,-,-,-,-,-,-,-,-,-,-,-,-,-,-,-,-,-,-,-,-,-,-,-,-,-,
충북,(구)청주시 상당구,-,-,-,-,-,-,-,-,-,-,-,-,-,-,-,-,-,-,-,-,-,-,-,-,-,-,-,-,-,-,-,-,-,-,-,-,-,-,-,-,-,-,-,-,-,-,-,-,-,-,-,-,-,-,-,-,-,-,-,-,-,-,-,-,-,-,
충북,(구)청주시 흥덕구,-,-,-,-,-,-,-,-,-,-,-,-,-,-,-,-,-,-,-,-,-,-,-,-,-,-,-,-,-,-,-,-,-,-,-,-,-,-,-,-,-,-,-,-,-,-,-,-,-,-,-,-,-,-,-,-,-,-,-,-,-,-,-,-,-,-,
충북,충주시,0.00,0.00,0.00,0.00,0.00,0.00,0.00,0.00,0.00,0.00,0.00,0.00,0.00,0.00,0.00,0.00,0.00,478.95,0.48,0.00,0.00,0.00,0.00,1.90,29.93,45.61,129.24,0.00,0.00,0.00,0.00,0.00,4.28,0.00,28.03,0.00,67.47,7.60,0.95,4.28,0.00,64.14,0.95,7.60,0.00,0.00,0.00,4.28,0.48,0.00,0.00,0.95,0.00,0.00,0.95,1.90,0.00,0.48,0.00,0.00,0.00,0.48,0.00,3.80,0.00,0.00,
충북,청주시 상당구,0.00,0.00,0.00,0.00,0.00,0.00,0.00,0.00,0.00,0.00,0.00,0.00,0.00,0.00,0.00,0.00,0.00,422.93,0.00,0.00,0.00,0.54,0.54,1.63,42.35,67.32,114.55,0.00,0.00,0.00,0.00,0.00,6.51,0.00,96.09,0.00,267.11,2.71,1.09,3.80,0.00,38.55,0.54,3.26,0.00,0.00,0.00,26.06,1.63,0.00,0.00,1.09,0.00,0.00,1.63,4.34,0.00,1.09,0.00,0.00,0.00,2.17,0.00,10.32,0.00,0.00,
충북,청주시 흥덕구,0.00,0.00,0.00,0.00,0.00,0.00,0.00,0.00,0.00,0.00,0.00,0.00,0.00,0.00,0.00,0.00,0.00,316.66,0.76,0.00,0.00,0.38,0.00,1.14,45.45,51.14,94.32,0.00,0.00,0.00,0.38,0.00,3.41,0.38,117.04,0.00,176.89,2.65,0.00,2.65,0.00,46.97,1.89,5.68,0.38,0.00,0.00,42.42,0.00,0.00,0.00,1.14,0.76,0.00,1.14,2.65,0.00,0.38,0.00,0.00,0.00,3.03,0.00,12.12,0.00,0.00,
충북,청주시 서원구,0.00,0.00,0.00,0.00,0.00,0.00,0.00,0.00,0.00,0.00,0.00,0.00,0.00,0.00,0.00,0.00,0.00,272.41,0.50,0.00,0.00,0.00,0.50,1.51,36.19,54.78,97.50,0.00,0.00,0.00,0.00,0.00,2.01,0.00,44.73,0.00,323.68,0.50,0.50,3.52,0.00,45.23,1.51,5.03,0.00,0.00,0.00,19.60,1.51,0.00,0.00,2.01,2.01,0.00,1.01,2.51,0.00,0.50,0.00,0.00,0.00,5.53,0.00,9.55,0.00,0.00,
충북,청주시 청원구,0.00,0.00,0.00,0.00,0.00,0.00,0.00,0.00,0.00,0.00,0.00,0.00,0.00,0.00,0.00,0.00,0.00,337.23,0.00,0.00,2.05,0.00,0.51,4.61,36.39,123.00,73.80,0.00,0.00,0.00,0.00,0.00,4.10,0.51,27.68,0.00,116.34,2.56,0.00,3.59,0.00,43.56,1.03,6.15,0.00,0.00,0.00,24.09,2.05,0.00,0.00,1.54,0.00,0.00,0.51,2.56,0.00,1.03,0.00,0.00,0.00,1.54,0.00,12.81,0.00,0.00,
충남,충남,0.00,0.00,0.00,0.00,0.00,0.00,0.00,0.00,0.00,0.00,0.00,0.00,0.00,0.00,0.00,0.00,0.00,304.57,0.19,0.00,0.38,0.33,0.38,3.49,49.80,101.77,111.38,0.00,0.00,0.00,0.05,0.00,5.04,0.14,69.69,0.05,243.69,6.03,0.99,5.32,0.05,88.06,1.65,3.53,1.23,0.00,0.28,178.62,4.90,0.05,0.00,15.17,0.71,0.00,0.99,2.36,0.00,1.18,0.00,0.00,0.05,4.05,0.00,12.44,0.19,0.05,
충남,계룡시,0.00,0.00,0.00,0.00,0.00,0.00,0.00,0.00,0.00,0.00,0.00,0.00,0.00,0.00,0.00,0.00,0.00,676.04,0.00,0.00,0.00,0.00,0.00,2.33,44.29,102.57,170.18,0.00,0.00,0.00,0.00,0.00,11.66,0.00,158.52,0.00,0.00,0.00,0.00,0.00,0.00,20.98,6.99,4.66,2.33,0.00,0.00,88.58,0.00,0.00,0.00,2.33,0.00,0.00,4.66,0.00,0.00,0.00,0.00,0.00,0.00,2.33,0.00,11.66,0.00,0.00,
충남,공주시,0.00,0.00,0.00,0.00,0.00,0.00,0.00,0.00,0.00,0.00,0.00,0.00,0.00,0.00,0.00,0.00,0.00,315.61,0.00,0.00,0.00,0.00,0.00,3.79,59.71,14.22,222.73,0.00,0.00,0.00,0.00,0.00,3.79,0.00,14.22,0.00,167.76,4.74,2.84,3.79,0.00,69.19,1.90,1.90,0.00,0.00,0.00,293.81,9.48,0.00,0.00,29.38,1.90,0.00,0.00,1.90,0.00,0.00,0.00,0.00,0.95,11.37,0.00,4.74,0.00,0.00,
충남,금산군,0.00,0.00,0.00,0.00,0.00,0.00,0.00,0.00,0.00,0.00,0.00,0.00,0.00,0.00,0.00,0.00,0.00,466.87,0.00,0.00,1.93,0.00,0.00,0.00,38.58,38.58,48.23,0.00,0.00,0.00,0.00,0.00,5.79,0.00,25.08,0.00,57.88,5.79,1.93,0.00,0.00,360.76,0.00,7.72,0.00,0.00,0.00,239.22,5.79,0.00,0.00,13.50,0.00,0.00,1.93,5.79,0.00,0.00,0.00,0.00,0.00,7.72,0.00,3.86,0.00,0.00,
충남,논산시,0.00,0.00,0.00,0.00,0.00,0.00,0.00,0.00,0.00,0.00,0.00,0.00,0.00,0.00,0.00,0.00,0.00,272.59,0.00,0.00,0.00,0.85,0.00,3.40,39.91,44.16,96.81,0.00,0.00,0.00,0.00,0.00,5.10,0.00,23.78,0.00,665.77,5.94,0.85,11.04,0.00,61.14,2.55,1.70,0.00,0.00,0.85,219.94,12.74,0.00,0.00,16.98,0.85,0.00,0.00,2.55,0.00,1.70,0.00,0.00,0.00,0.00,0.00,19.53,0.00,0.00,
충남,당진시,0.00,0.00,0.00,0.00,0.00,0.00,0.00,0.00,0.00,0.00,0.00,0.00,0.00,0.00,0.00,0.00,0.00,160.22,0.00,0.00,1.20,0.00,1.80,8.40,54.61,69.61,79.21,0.00,0.00,0.00,0.00,0.00,5.40,0.00,68.41,0.00,72.01,12.60,2.40,6.00,0.00,91.81,1.80,4.80,1.20,0.00,0.60,144.02,2.40,0.00,0.00,10.80,0.60,0.00,0.60,3.00,0.00,1.20,0.00,0.00,0.00,2.40,0.00,9.00,0.00,0.00,
충남,보령시,0.00,0.00,0.00,0.00,0.00,0.00,0.00,0.00,0.00,0.00,0.00,0.00,0.00,0.00,0.00,0.00,0.00,185.75,0.99,0.00,0.99,0.00,0.00,2.98,52.65,13.91,25.83,0.00,0.00,0.00,0.00,0.00,3.97,0.00,20.86,0.00,61.59,0.99,0.99,3.97,0.00,50.66,1.99,2.98,3.97,0.00,0.00,215.55,0.00,0.00,0.00,11.92,0.00,0.00,0.99,0.00,0.00,0.00,0.00,0.00,0.00,5.96,0.00,10.93,0.00,0.00,
충남,부여군,0.00,0.00,0.00,0.00,0.00,0.00,0.00,0.00,0.00,0.00,0.00,0.00,0.00,0.00,0.00,0.00,0.00,202.89,0.00,0.00,0.00,0.00,3.03,3.03,57.53,16.65,68.13,0.00,0.00,0.00,0.00,0.00,4.54,0.00,15.14,0.00,59.05,4.54,3.03,4.54,0.00,59.05,1.51,1.51,3.03,0.00,1.51,451.19,28.77,0.00,0.00,95.39,0.00,0.00,0.00,4.54,0.00,1.51,0.00,0.00,0.00,12.11,0.00,3.03,0.00,0.00,
충남,서산시,0.00,0.00,0.00,0.00,0.00,0.00,0.00,0.00,0.00,0.00,0.00,0.00,0.00,0.00,0.00,0.00,0.00,150.16,0.00,0.00,0.00,1.14,0.00,0.57,44.54,222.11,95.35,0.00,0.00,0.00,0.00,0.00,6.85,0.00,29.69,0.00,118.19,4.00,0.57,2.28,0.57,65.09,1.71,2.28,2.85,0.00,0.57,223.25,5.14,0.00,0.00,14.85,1.71,0.00,0.00,1.71,0.00,0.00,0.00,0.00,0.00,1.14,0.00,17.13,0.00,0.00,
충남,서천군,0.00,0.00,0.00,0.00,0.00,0.00,0.00,0.00,0.00,0.00,0.00,0.00,0.00,0.00,0.00,0.00,0.00,143.30,0.00,0.00,0.00,0.00,0.00,7.64,61.14,45.86,40.13,0.00,0.00,0.00,0.00,0.00,9.55,0.00,15.29,0.00,34.39,7.64,0.00,5.73,0.00,64.96,1.91,13.38,3.82,0.00,0.00,322.91,3.82,0.00,0.00,5.73,1.91,0.00,0.00,3.82,0.00,0.00,0.00,0.00,0.00,3.82,0.00,5.73,0.00,0.00,
충남,아산시,0.00,0.00,0.00,0.00,0.00,0.00,0.00,0.00,0.00,0.00,0.00,0.00,0.00,0.00,0.00,0.00,0.00,382.54,0.32,0.00,0.00,0.32,0.32,5.39,58.68,128.46,172.24,0.00,0.00,0.00,0.00,0.00,7.61,0.00,135.44,0.00,251.54,7.61,0.00,10.47,0.00,102.14,1.59,3.81,0.63,0.00,0.32,131.64,3.17,0.32,0.00,8.56,0.63,0.00,0.95,2.54,0.00,0.95,0.00,0.00,0.00,3.81,0.00,13.64,0.95,0.00,
충남,연기군,-,-,-,-,-,-,-,-,-,-,-,-,-,-,-,-,-,-,-,-,-,-,-,-,-,-,-,-,-,-,-,-,-,-,-,-,-,-,-,-,-,-,-,-,-,-,-,-,-,-,-,-,-,-,-,-,-,-,-,-,-,-,-,-,-,-,
충남,예산군,0.00,0.00,0.00,0.00,0.00,0.00,0.00,0.00,0.00,0.00,0.00,0.00,0.00,0.00,0.00,0.00,0.00,212.30,0.00,0.00,0.00,0.00,1.27,2.54,69.92,102.97,86.45,0.00,0.00,0.00,0.00,0.00,7.63,1.27,38.14,0.00,68.65,8.90,7.63,5.09,0.00,317.82,0.00,2.54,0.00,0.00,0.00,268.24,5.09,0.00,0.00,15.26,0.00,0.00,1.27,1.27,0.00,2.54,0.00,0.00,0.00,8.90,0.00,6.36,0.00,0.00,
충남,천안시,-,-,-,-,-,-,-,-,-,-,-,-,-,-,-,-,-,-,-,-,-,-,-,-,-,-,-,-,-,-,-,-,-,-,-,-,-,-,-,-,-,-,-,-,-,-,-,-,-,-,-,-,-,-,-,-,-,-,-,-,-,-,-,-,-,-,
충남,청양군,0.00,0.00,0.00,0.00,0.00,0.00,0.00,0.00,0.00,0.00,0.00,0.00,0.00,0.00,0.00,0.00,0.00,264.90,0.00,0.00,0.00,0.00,0.00,0.00,38.30,12.77,35.11,0.00,0.00,0.00,0.00,0.00,3.19,0.00,6.38,0.00,3.19,15.96,0.00,9.57,0.00,31.92,0.00,12.77,3.19,0.00,0.00,427.66,22.34,0.00,0.00,41.49,3.19,0.00,0.00,6.38,0.00,0.00,0.00,0.00,0.00,15.96,0.00,9.57,0.00,0.00,
충남,태안군,0.00,0.00,0.00,0.00,0.00,0.00,0.00,0.00,0.00,0.00,0.00,0.00,0.00,0.00,0.00,0.00,0.00,187.26,0.00,0.00,0.00,0.00,0.00,0.00,43.21,75.23,52.82,0.00,0.00,0.00,0.00,0.00,3.20,0.00,14.40,0.00,33.61,4.80,0.00,0.00,0.00,73.62,0.00,1.60,4.80,0.00,0.00,760.26,4.80,0.00,0.00,36.81,1.60,0.00,1.60,1.60,0.00,3.20,0.00,0.00,0.00,3.20,0.00,11.20,0.00,0.00,
충남,홍성군,0.00,0.00,0.00,0.00,0.00,0.00,0.00,0.00,0.00,0.00,0.00,0.00,0.00,0.00,0.00,0.00,0.00,623.36,0.00,0.00,0.00,1.00,0.00,1.00,57.85,95.75,130.66,0.00,0.00,0.00,0.00,0.00,8.98,0.00,57.85,0.00,241.37,1.99,1.00,5.98,0.00,75.80,1.00,5.98,1.99,0.00,1.00,287.24,7.98,0.00,0.00,38.90,0.00,0.00,0.00,3.99,0.00,0.00,0.00,0.00,0.00,6.98,0.00,9.97,0.00,0.00,
충남,천안시 동남구,0.00,0.00,0.00,0.00,0.00,0.00,0.00,0.00,0.00,0.00,0.00,0.00,0.00,0.00,0.00,0.00,0.00,294.92,0.39,0.00,0.77,0.00,0.00,1.93,46.00,80.79,122.14,0.00,0.00,0.00,0.39,0.00,3.09,0.00,52.18,0.39,670.25,5.41,0.00,3.48,0.00,78.08,1.93,1.93,0.39,0.00,0.00,54.89,3.09,0.00,0.00,5.80,1.16,0.00,1.55,3.48,0.00,3.09,0.00,0.00,0.00,3.87,0.00,15.07,0.00,0.39,
충남,천안시 서북구,0.00,0.00,0.00,0.00,0.00,0.00,0.00,0.00,0.00,0.00,0.00,0.00,0.00,0.00,0.00,0.00,0.00,350.53,0.25,0.00,0.50,0.50,0.25,4.03,40.32,159.52,106.85,0.00,0.00,0.00,0.00,0.00,1.51,0.50,123.23,0.00,224.28,5.54,0.25,4.28,0.00,58.21,1.51,3.02,0.25,0.00,0.00,20.16,0.50,0.00,0.00,3.02,0.00,0.00,1.76,1.01,0.00,1.26,0.00,0.00,0.00,1.01,0.00,15.37,0.25,0.00,
전북,전북,0.00,0.00,0.00,0.00,0.00,0.00,0.00,0.00,0.00,0.00,0.00,0.00,0.00,0.00,0.00,0.00,0.00,349.32,0.06,0.00,0.39,0.11,0.72,2.54,47.53,83.41,101.02,0.00,0.00,0.00,0.06,0.00,3.97,0.06,24.34,0.06,464.64,9.77,0.72,4.86,0.00,83.08,1.49,3.70,0.61,0.00,0.44,196.08,3.15,0.28,0.00,15.57,0.50,0.00,0.88,1.16,0.00,0.22,0.00,0.00,0.00,4.08,0.00,9.83,0.00,0.00,
전북,고창군,0.00,0.00,0.00,0.00,0.00,0.00,0.00,0.00,0.00,0.00,0.00,0.00,0.00,0.00,0.00,0.00,0.00,245.38,0.00,0.00,1.82,0.00,1.82,0.00,32.72,18.18,47.26,0.00,0.00,0.00,0.00,0.00,9.09,0.00,14.54,0.00,387.15,19.99,0.00,5.45,0.00,96.33,0.00,3.64,1.82,0.00,9.09,701.60,9.09,0.00,0.00,38.17,0.00,0.00,0.00,0.00,0.00,0.00,0.00,0.00,0.00,10.91,0.00,3.64,0.00,0.00,
전북,군산시,0.00,0.00,0.00,0.00,0.00,0.00,0.00,0.00,0.00,0.00,0.00,0.00,0.00,0.00,0.00,0.00,0.00,248.70,0.00,0.00,0.74,0.37,0.37,2.23,60.97,162.08,136.81,0.00,0.00,0.00,0.37,0.00,4.83,0.37,29.37,0.00,362.09,7.06,0.37,5.20,0.00,84.76,0.37,8.92,0.74,0.00,0.00,52.79,0.37,0.00,0.00,4.09,0.37,0.00,1.49,0.74,0.00,0.00,0.00,0.00,0.00,1.12,0.00,13.01,0.00,0.00,
전북,김제시,0.00,0.00,0.00,0.00,0.00,0.00,0.00,0.00,0.00,0.00,0.00,0.00,0.00,0.00,0.00,0.00,0.00,437.64,0.00,0.00,2.40,0.00,0.00,2.40,67.33,98.59,58.91,0.00,0.00,0.00,0.00,0.00,4.81,0.00,14.43,0.00,221.23,7.21,1.20,2.40,0.00,88.97,0.00,1.20,4.81,0.00,0.00,200.79,2.40,1.20,0.00,10.82,1.20,0.00,0.00,1.20,0.00,2.40,0.00,0.00,0.00,1.20,0.00,8.42,0.00,0.00,
전북,남원시,0.00,0.00,0.00,0.00,0.00,0.00,0.00,0.00,0.00,0.00,0.00,0.00,0.00,0.00,0.00,0.00,0.00,338.05,0.00,0.00,0.00,0.00,1.23,3.70,27.14,35.78,74.03,0.00,0.00,0.00,0.00,0.00,1.23,0.00,22.21,0.00,43.18,8.64,0.00,3.70,0.00,80.20,1.23,2.47,0.00,0.00,1.23,468.83,2.47,0.00,0.00,18.51,1.23,0.00,0.00,0.00,0.00,0.00,0.00,0.00,0.00,16.04,0.00,7.40,0.00,0.00,
전북,무주군,0.00,0.00,0.00,0.00,0.00,0.00,0.00,0.00,0.00,0.00,0.00,0.00,0.00,0.00,0.00,0.00,0.00,148.94,0.00,0.00,0.00,0.00,4.14,0.00,20.69,0.00,66.20,0.00,0.00,0.00,0.00,0.00,4.14,0.00,16.55,0.00,0.00,4.14,0.00,4.14,0.00,82.75,0.00,8.27,0.00,0.00,4.14,450.97,4.14,0.00,0.00,8.27,0.00,0.00,0.00,0.00,0.00,0.00,0.00,0.00,0.00,16.55,0.00,16.55,0.00,0.00,
전북,부안군,0.00,0.00,0.00,0.00,0.00,0.00,0.00,0.00,0.00,0.00,0.00,0.00,0.00,0.00,0.00,0.00,0.00,168.82,0.00,0.00,0.00,0.00,0.00,3.79,70.18,24.66,91.05,0.00,0.00,0.00,0.00,0.00,7.59,0.00,9.48,0.00,409.73,58.80,1.90,11.38,0.00,98.64,1.90,7.59,0.00,0.00,0.00,646.84,22.76,1.90,0.00,151.75,3.79,0.00,0.00,0.00,0.00,0.00,0.00,0.00,0.00,1.90,0.00,15.18,0.00,0.00,
전북,순창군,0.00,0.00,0.00,0.00,0.00,0.00,0.00,0.00,0.00,0.00,0.00,0.00,0.00,0.00,0.00,0.00,0.00,380.84,0.00,0.00,0.00,0.00,0.00,17.80,42.71,28.47,78.30,0.00,0.00,0.00,0.00,0.00,3.56,0.00,17.80,0.00,35.59,24.91,3.56,0.00,0.00,907.60,0.00,0.00,0.00,0.00,3.56,722.52,24.91,0.00,0.00,74.74,3.56,0.00,3.56,3.56,0.00,0.00,0.00,0.00,0.00,10.68,0.00,14.24,0.00,0.00,
전북,완주군,0.00,0.00,0.00,0.00,0.00,0.00,0.00,0.00,0.00,0.00,0.00,0.00,0.00,0.00,0.00,0.00,0.00,299.19,0.00,0.00,0.00,0.00,0.00,2.18,53.31,57.66,131.64,0.00,0.00,0.00,0.00,0.00,5.44,0.00,14.14,0.00,10.88,10.88,1.09,3.26,0.00,70.72,2.18,3.26,1.09,0.00,0.00,271.99,2.18,0.00,0.00,13.06,0.00,0.00,1.09,2.18,0.00,0.00,0.00,0.00,0.00,6.53,0.00,8.70,0.00,0.00,
전북,익산시,0.00,0.00,0.00,0.00,0.00,0.00,0.00,0.00,0.00,0.00,0.00,0.00,0.00,0.00,0.00,0.00,0.00,286.64,0.00,0.00,0.00,0.00,1.40,1.75,55.43,179.98,97.18,0.00,0.00,0.00,0.00,0.00,2.11,0.00,24.21,0.00,714.33,4.56,0.70,2.81,0.00,59.99,2.11,1.40,0.35,0.00,0.00,92.97,0.00,0.00,0.00,4.21,0.35,0.00,0.35,1.40,0.00,0.00,0.00,0.00,0.00,1.75,0.00,13.68,0.00,0.00,
전북,임실군,0.00,0.00,0.00,0.00,0.00,0.00,0.00,0.00,0.00,0.00,0.00,0.00,0.00,0.00,0.00,0.00,0.00,786.25,0.00,0.00,0.00,0.00,0.00,7.12,39.13,32.02,46.25,0.00,0.00,0.00,0.00,0.00,3.56,0.00,21.35,0.00,0.00,7.12,0.00,7.12,0.00,96.06,7.12,0.00,0.00,0.00,0.00,508.75,10.67,0.00,0.00,46.25,0.00,0.00,0.00,0.00,0.00,0.00,0.00,0.00,0.00,24.90,0.00,7.12,0.00,0.00,
전북,장수군,0.00,0.00,0.00,0.00,0.00,0.00,0.00,0.00,0.00,0.00,0.00,0.00,0.00,0.00,0.00,0.00,0.00,179.67,0.00,0.00,0.00,0.00,0.00,13.48,22.46,22.46,103.31,0.00,0.00,0.00,0.00,0.00,4.49,0.00,4.49,0.00,4.49,8.98,4.49,8.98,0.00,103.31,0.00,0.00,0.00,0.00,0.00,422.23,17.97,13.48,0.00,26.95,0.00,0.00,0.00,8.98,0.00,0.00,0.00,0.00,0.00,22.46,0.00,4.49,0.00,0.00,
전북,전주시 덕진구,0.00,0.00,0.00,0.00,0.00,0.00,0.00,0.00,0.00,0.00,0.00,0.00,0.00,0.00,0.00,0.00,0.00,456.68,0.00,0.00,0.32,0.00,0.63,3.16,37.90,41.69,123.49,0.00,0.00,0.00,0.00,0.00,3.16,0.00,29.69,0.00,665.12,6.00,0.00,5.05,0.00,45.79,0.95,2.53,0.63,0.00,0.00,74.53,0.95,0.00,0.00,5.05,0.00,0.00,2.21,0.95,0.00,0.63,0.00,0.00,0.00,1.58,0.00,6.95,0.00,0.00,
전북,전주시 완산구,0.00,0.00,0.00,0.00,0.00,0.00,0.00,0.00,0.00,0.00,0.00,0.00,0.00,0.00,0.00,0.00,0.00,396.72,0.00,0.00,0.00,0.29,0.59,0.88,41.85,48.04,90.49,0.00,0.00,0.00,0.00,0.00,2.06,0.00,26.53,0.29,688.52,9.43,0.59,4.42,0.00,67.79,2.06,2.65,0.00,0.00,0.00,72.21,1.47,0.00,0.00,3.24,0.00,0.00,0.29,0.59,0.00,0.00,0.00,0.00,0.00,2.06,0.00,9.14,0.00,0.00,
전북,정읍시,0.00,0.00,0.00,0.00,0.00,0.00,0.00,0.00,0.00,0.00,0.00,0.00,0.00,0.00,0.00,0.00,0.00,409.04,0.91,0.00,0.91,0.00,0.91,2.74,50.22,51.13,87.65,0.00,0.00,0.00,0.00,0.00,6.39,0.00,30.13,0.00,266.61,12.78,1.83,9.13,0.00,73.96,2.74,7.30,0.00,0.00,0.00,439.17,9.13,0.00,0.00,41.09,1.83,0.00,0.91,3.65,0.00,0.00,0.00,0.00,0.00,1.83,0.00,7.30,0.00,0.00,
전북,진안군,0.00,0.00,0.00,0.00,0.00,0.00,0.00,0.00,0.00,0.00,0.00,0.00,0.00,0.00,0.00,0.00,0.00,238.78,0.00,0.00,0.00,0.00,0.00,0.00,27.40,7.83,50.89,0.00,0.00,0.00,0.00,0.00,23.49,0.00,15.66,0.00,15.66,11.74,3.91,11.74,0.00,62.63,3.91,0.00,0.00,0.00,0.00,430.60,0.00,0.00,0.00,31.32,0.00,0.00,0.00,0.00,0.00,0.00,0.00,0.00,0.00,23.49,0.00,3.91,0.00,0.00,
전북,전주시,-,-,-,-,-,-,-,-,-,-,-,-,-,-,-,-,-,-,-,-,-,-,-,-,-,-,-,-,-,-,-,-,-,-,-,-,-,-,-,-,-,-,-,-,-,-,-,-,-,-,-,-,-,-,-,-,-,-,-,-,-,-,-,-,-,-,
전남,전남,0.00,0.00,0.00,0.00,0.00,0.00,0.00,0.00,0.00,0.00,0.00,0.00,0.00,0.00,0.00,0.00,0.00,421.58,0.70,0.00,0.54,0.70,0.59,4.41,20.32,121.93,116.66,0.00,0.00,0.00,0.00,0.05,3.76,0.05,37.04,0.00,246.32,11.18,0.59,5.11,0.11,191.38,2.63,6.61,2.63,0.00,0.38,294.76,4.62,0.43,0.00,18.28,0.81,0.00,1.18,1.88,0.00,0.27,0.00,0.00,0.00,3.44,0.00,8.17,0.00,0.00,
전남,강진군,0.00,0.00,0.00,0.00,0.00,0.00,0.00,0.00,0.00,0.00,0.00,0.00,0.00,0.00,0.00,0.00,0.00,343.43,0.00,0.00,0.00,0.00,0.00,8.59,17.17,37.20,60.10,0.00,0.00,0.00,0.00,0.00,2.86,0.00,22.90,0.00,14.31,5.72,2.86,5.72,0.00,211.78,0.00,11.45,11.45,0.00,0.00,652.51,2.86,0.00,0.00,22.90,0.00,0.00,0.00,2.86,0.00,0.00,0.00,0.00,0.00,0.00,0.00,8.59,0.00,0.00,
전남,고흥군,0.00,0.00,0.00,0.00,0.00,0.00,0.00,0.00,0.00,0.00,0.00,0.00,0.00,0.00,0.00,0.00,0.00,141.26,0.00,0.00,0.00,0.00,0.00,1.55,21.73,37.26,79.17,0.00,0.00,0.00,0.00,0.00,3.10,0.00,21.73,0.00,113.32,3.10,0.00,4.66,0.00,538.67,0.00,7.76,1.55,0.00,0.00,693.91,9.31,0.00,0.00,34.15,0.00,0.00,0.00,0.00,0.00,3.10,0.00,0.00,0.00,10.87,0.00,9.31,0.00,0.00,
전남,곡성군,0.00,0.00,0.00,0.00,0.00,0.00,0.00,0.00,0.00,0.00,0.00,0.00,0.00,0.00,0.00,0.00,0.00,425.11,7.03,0.00,0.00,0.00,0.00,3.51,17.57,63.24,66.75,0.00,0.00,0.00,0.00,0.00,10.54,0.00,7.03,0.00,175.67,10.54,0.00,7.03,0.00,140.53,3.51,3.51,0.00,0.00,0.00,509.43,0.00,0.00,0.00,21.08,0.00,0.00,0.00,3.51,0.00,3.51,0.00,0.00,0.00,10.54,0.00,7.03,0.00,0.00,
전남,광양시,0.00,0.00,0.00,0.00,0.00,0.00,0.00,0.00,0.00,0.00,0.00,0.00,0.00,0.00,0.00,0.00,0.00,409.70,0.00,0.00,0.65,0.00,0.65,1.30,25.28,112.15,126.41,0.00,0.00,0.00,0.00,0.00,1.94,0.00,104.37,0.00,58.99,4.54,0.00,6.48,0.00,72.60,1.30,5.83,3.24,0.00,0.65,319.59,5.83,0.00,0.00,22.04,0.65,0.00,0.65,0.00,0.00,0.65,0.00,0.00,0.00,2.59,0.00,11.67,0.00,0.00,
전남,구례군,0.00,0.00,0.00,0.00,0.00,0.00,0.00,0.00,0.00,0.00,0.00,0.00,0.00,0.00,0.00,0.00,0.00,206.57,0.00,0.00,0.00,0.00,0.00,0.00,11.48,19.13,45.90,0.00,0.00,0.00,0.00,0.00,11.48,3.83,15.30,0.00,84.16,0.00,0.00,3.83,0.00,61.21,0.00,3.83,0.00,0.00,0.00,577.64,7.65,0.00,0.00,34.43,0.00,0.00,3.83,0.00,0.00,0.00,0.00,0.00,0.00,15.30,0.00,3.83,0.00,0.00,
전남,나주시,0.00,0.00,0.00,0.00,0.00,0.00,0.00,0.00,0.00,0.00,0.00,0.00,0.00,0.00,0.00,0.00,0.00,622.73,0.00,0.00,0.00,2.61,0.00,19.11,24.32,50.37,138.96,0.00,0.00,0.00,0.00,0.00,4.34,0.00,82.51,0.00,40.82,15.63,1.74,3.47,0.00,101.62,0.00,4.34,1.74,0.00,0.00,100.75,4.34,6.08,0.00,5.21,0.87,0.00,0.00,4.34,0.00,0.00,0.00,0.00,0.00,0.87,0.00,6.08,0.00,0.00,
전남,담양군,0.00,0.00,0.00,0.00,0.00,0.00,0.00,0.00,0.00,0.00,0.00,0.00,0.00,0.00,0.00,0.00,0.00,202.55,0.00,0.00,0.00,0.00,2.15,2.15,25.86,101.28,62.49,0.00,0.00,0.00,0.00,0.00,2.15,0.00,19.39,0.00,45.25,32.32,2.15,2.15,0.00,84.04,47.41,2.15,0.00,0.00,0.00,290.90,10.77,0.00,0.00,4.31,2.15,0.00,0.00,0.00,0.00,0.00,0.00,0.00,0.00,2.15,0.00,2.15,0.00,0.00,
전남,목포시,0.00,0.00,0.00,0.00,0.00,0.00,0.00,0.00,0.00,0.00,0.00,0.00,0.00,0.00,0.00,0.00,0.00,573.25,1.32,0.00,0.44,0.44,1.32,5.73,19.83,105.75,246.31,0.00,0.00,0.00,0.00,0.44,3.97,0.00,20.27,0.00,863.17,8.81,0.00,5.29,0.00,233.97,5.29,3.52,2.20,0.00,0.00,48.47,0.44,0.00,0.00,1.32,0.00,0.00,0.88,1.76,0.00,0.00,0.00,0.00,0.00,0.00,0.00,8.81,0.00,0.00,
전남,무안군,0.00,0.00,0.00,0.00,0.00,0.00,0.00,0.00,0.00,0.00,0.00,0.00,0.00,0.00,0.00,0.00,0.00,841.91,1.20,0.00,1.20,1.20,1.20,5.98,20.33,149.49,153.08,0.00,0.00,0.00,0.00,0.00,7.18,0.00,38.27,0.00,89.69,8.37,0.00,2.39,0.00,242.77,1.20,5.98,3.59,0.00,0.00,156.66,4.78,0.00,0.00,2.39,0.00,0.00,0.00,5.98,0.00,0.00,0.00,0.00,0.00,0.00,0.00,21.53,0.00,0.00,
전남,보성군,0.00,0.00,0.00,0.00,0.00,0.00,0.00,0.00,0.00,0.00,0.00,0.00,0.00,0.00,0.00,0.00,0.00,273.50,0.00,0.00,0.00,0.00,0.00,2.44,26.86,109.89,85.47,0.00,0.00,0.00,0.00,0.00,2.44,0.00,17.09,0.00,21.98,12.21,0.00,12.21,0.00,112.33,2.44,14.65,9.77,0.00,0.00,608.04,7.33,0.00,0.00,48.84,2.44,0.00,2.44,7.33,0.00,0.00,0.00,0.00,0.00,4.88,0.00,0.00,0.00,0.00,
전남,순천시,0.00,0.00,0.00,0.00,0.00,0.00,0.00,0.00,0.00,0.00,0.00,0.00,0.00,0.00,0.00,0.00,0.00,351.73,0.00,0.00,0.36,0.36,1.07,2.49,14.95,98.26,135.28,0.00,0.00,0.00,0.00,0.00,0.71,0.00,34.53,0.00,250.98,5.70,0.36,2.85,0.36,54.82,0.71,7.48,2.14,0.00,0.71,302.61,6.41,0.00,0.00,38.80,1.42,0.00,1.07,0.00,0.00,0.00,0.00,0.00,0.00,4.63,0.00,5.34,0.00,0.00,
전남,신안군,0.00,0.00,0.00,0.00,0.00,0.00,0.00,0.00,0.00,0.00,0.00,0.00,0.00,0.00,0.00,0.00,0.00,204.51,0.00,0.00,0.00,0.00,0.00,5.05,17.67,25.25,85.85,0.00,0.00,0.00,0.00,0.00,2.52,0.00,20.20,0.00,15.15,15.15,0.00,5.05,0.00,550.42,5.05,10.10,2.52,0.00,0.00,315.61,2.52,0.00,0.00,5.05,2.52,0.00,2.52,2.52,0.00,0.00,0.00,0.00,0.00,7.57,0.00,17.67,0.00,0.00,
전남,여수시,0.00,0.00,0.00,0.00,0.00,0.00,0.00,0.00,0.00,0.00,0.00,0.00,0.00,0.00,0.00,0.00,0.00,413.12,0.71,0.00,1.07,0.36,0.36,1.42,13.14,171.57,83.12,0.00,0.00,0.00,0.00,0.00,3.55,0.00,16.70,0.00,157.01,8.53,0.00,8.17,0.00,161.27,1.07,6.39,3.55,0.00,0.36,109.05,2.13,0.00,0.00,7.81,1.42,0.00,2.13,0.36,0.00,0.00,0.00,0.00,0.00,2.13,0.00,7.10,0.00,0.00,
전남,영광군,0.00,0.00,0.00,0.00,0.00,0.00,0.00,0.00,0.00,0.00,0.00,0.00,0.00,0.00,0.00,0.00,0.00,781.66,0.00,0.00,0.00,0.00,0.00,7.48,29.92,59.84,69.19,0.00,0.00,0.00,0.00,0.00,7.48,0.00,52.36,0.00,403.92,9.35,1.87,0.00,0.00,127.16,0.00,1.87,3.74,0.00,0.00,306.68,1.87,0.00,0.00,3.74,1.87,0.00,1.87,3.74,0.00,0.00,0.00,0.00,0.00,7.48,0.00,1.87,0.00,0.00,
전남,영암군,0.00,0.00,0.00,0.00,0.00,0.00,0.00,0.00,0.00,0.00,0.00,0.00,0.00,0.00,0.00,0.00,0.00,319.51,0.00,0.00,1.85,3.69,0.00,5.54,35.09,118.20,108.96,0.00,0.00,0.00,0.00,0.00,7.39,0.00,24.01,0.00,64.64,20.32,0.00,5.54,0.00,179.15,0.00,9.23,0.00,0.00,1.85,212.39,9.23,0.00,0.00,27.70,1.85,0.00,0.00,5.54,0.00,0.00,0.00,0.00,0.00,0.00,0.00,9.23,0.00,0.00,
전남,완도군,0.00,0.00,0.00,0.00,0.00,0.00,0.00,0.00,0.00,0.00,0.00,0.00,0.00,0.00,0.00,0.00,0.00,308.13,0.00,0.00,3.98,0.00,0.00,0.00,25.84,673.92,59.64,0.00,0.00,0.00,0.00,0.00,7.95,0.00,35.78,0.00,79.52,7.95,0.00,9.94,0.00,292.23,0.00,15.90,0.00,0.00,0.00,628.19,0.00,0.00,0.00,21.87,0.00,0.00,5.96,0.00,0.00,0.00,0.00,0.00,0.00,5.96,0.00,7.95,0.00,0.00,
전남,장성군,0.00,0.00,0.00,0.00,0.00,0.00,0.00,0.00,0.00,0.00,0.00,0.00,0.00,0.00,0.00,0.00,0.00,394.66,0.00,0.00,0.00,0.00,2.22,2.22,46.56,39.91,55.43,0.00,0.00,0.00,0.00,0.00,2.22,0.00,22.17,0.00,28.82,15.52,2.22,6.65,0.00,172.94,0.00,6.65,0.00,0.00,0.00,503.30,15.52,0.00,0.00,44.34,0.00,0.00,4.43,0.00,0.00,0.00,0.00,0.00,0.00,2.22,0.00,8.87,0.00,0.00,
전남,장흥군,0.00,0.00,0.00,0.00,0.00,0.00,0.00,0.00,0.00,0.00,0.00,0.00,0.00,0.00,0.00,0.00,0.00,408.57,2.62,0.00,0.00,2.62,0.00,5.24,13.10,138.81,89.05,0.00,0.00,0.00,0.00,0.00,5.24,0.00,7.86,0.00,5.24,5.24,2.62,5.24,0.00,413.81,2.62,2.62,0.00,0.00,0.00,424.28,5.24,0.00,0.00,68.09,0.00,0.00,0.00,7.86,0.00,0.00,0.00,0.00,0.00,5.24,0.00,10.48,0.00,0.00,
전남,진도군,0.00,0.00,0.00,0.00,0.00,0.00,0.00,0.00,0.00,0.00,0.00,0.00,0.00,0.00,0.00,0.00,0.00,374.54,3.23,0.00,0.00,0.00,0.00,0.00,12.92,90.41,100.09,0.00,0.00,0.00,0.00,0.00,3.23,0.00,25.83,0.00,3.23,16.14,0.00,3.23,0.00,1139.78,0.00,12.92,3.23,0.00,3.23,749.09,0.00,0.00,0.00,6.46,0.00,0.00,0.00,0.00,0.00,3.23,0.00,0.00,0.00,0.00,0.00,0.00,0.00,0.00,
전남,함평군,0.00,0.00,0.00,0.00,0.00,0.00,0.00,0.00,0.00,0.00,0.00,0.00,0.00,0.00,0.00,0.00,0.00,286.54,0.00,0.00,0.00,6.16,0.00,9.24,36.97,24.65,36.97,0.00,0.00,0.00,0.00,0.00,3.08,0.00,70.87,0.00,40.05,6.16,0.00,0.00,0.00,135.57,3.08,12.32,3.08,0.00,0.00,446.76,12.32,3.08,0.00,21.57,0.00,0.00,0.00,6.16,0.00,0.00,0.00,0.00,0.00,6.16,0.00,3.08,0.00,0.00,
전남,해남군,0.00,0.00,0.00,0.00,0.00,0.00,0.00,0.00,0.00,0.00,0.00,0.00,0.00,0.00,0.00,0.00,0.00,403.85,0.00,0.00,0.00,0.00,0.00,4.31,7.19,103.48,107.79,0.00,0.00,0.00,0.00,0.00,8.62,0.00,48.86,0.00,317.62,4.31,4.31,4.31,1.44,311.87,0.00,5.75,5.75,0.00,0.00,636.68,1.44,0.00,0.00,7.19,0.00,0.00,0.00,1.44,0.00,0.00,0.00,0.00,0.00,7.19,0.00,12.93,0.00,0.00,
전남,화순군,0.00,0.00,0.00,0.00,0.00,0.00,0.00,0.00,0.00,0.00,0.00,0.00,0.00,0.00,0.00,0.00,0.00,150.09,4.79,0.00,0.00,1.60,0.00,6.39,27.14,218.75,15.97,0.00,0.00,0.00,0.00,0.00,0.00,0.00,35.13,0.00,855.82,70.25,0.00,4.79,0.00,75.04,1.60,7.98,0.00,0.00,1.60,306.56,7.98,0.00,0.00,11.18,0.00,0.00,1.60,4.79,0.00,0.00,0.00,0.00,0.00,4.79,0.00,9.58,0.00,0.00,
경북,경북,0.00,0.00,0.00,0.00,0.00,0.00,0.00,0.00,0.00,0.00,0.00,0.00,0.00,0.00,0.00,0.00,0.00,353.61,0.94,0.00,0.68,0.23,0.19,4.15,18.36,92.21,77.96,0.00,0.00,0.00,0.04,0.04,3.88,0.11,44.82,0.00,264.49,7.31,0.34,3.20,0.19,99.71,1.09,6.60,0.64,0.00,0.08,80.52,1.77,0.00,0.00,5.16,0.72,0.00,0.60,1.24,0.00,0.11,0.00,0.04,0.00,6.37,0.00,7.80,0.04,0.00,
경북,경산시,0.00,0.00,0.00,0.00,0.00,0.00,0.00,0.00,0.00,0.00,0.00,0.00,0.00,0.00,0.00,0.00,0.00,405.76,7.97,0.00,0.38,0.38,0.00,2.28,12.91,121.84,81.99,0.00,0.00,0.00,0.00,0.00,3.42,0.00,11.39,0.00,258.87,7.97,0.76,1.52,0.00,61.87,1.14,5.69,0.38,0.00,0.00,45.55,0.76,0.00,0.00,1.52,0.38,0.00,0.38,1.14,0.00,0.00,0.00,0.00,0.00,1.52,0.00,9.11,0.38,0.00,
경북,경주시,0.00,0.00,0.00,0.00,0.00,0.00,0.00,0.00,0.00,0.00,0.00,0.00,0.00,0.00,0.00,0.00,0.00,262.13,0.39,0.00,0.39,0.00,0.00,7.86,18.86,136.76,74.67,0.00,0.00,0.00,0.00,0.00,5.50,0.39,79.78,0.00,221.65,2.75,0.00,5.90,0.00,104.54,1.57,6.29,1.97,0.00,0.39,81.74,3.14,0.00,0.00,3.54,1.18,0.00,0.00,0.00,0.00,0.00,0.00,0.00,0.00,6.68,0.00,7.07,0.00,0.00,
경북,고령군,0.00,0.00,0.00,0.00,0.00,0.00,0.00,0.00,0.00,0.00,0.00,0.00,0.00,0.00,0.00,0.00,0.00,288.70,0.00,0.00,0.00,0.00,0.00,3.14,9.41,69.04,47.07,0.00,0.00,0.00,3.14,0.00,0.00,0.00,18.83,0.00,62.76,6.28,0.00,3.14,0.00,94.14,0.00,9.41,0.00,0.00,0.00,401.67,3.14,0.00,0.00,18.83,0.00,0.00,0.00,3.14,0.00,0.00,0.00,0.00,0.00,18.83,0.00,18.83,0.00,0.00,
경북,구미시,0.00,0.00,0.00,0.00,0.00,0.00,0.00,0.00,0.00,0.00,0.00,0.00,0.00,0.00,0.00,0.00,0.00,452.59,0.24,0.00,0.24,0.24,0.00,1.67,12.68,158.60,81.09,0.00,0.00,0.00,0.00,0.24,1.20,0.24,40.91,0.00,258.35,3.11,0.24,3.11,0.00,50.24,1.44,4.55,0.00,0.00,0.00,38.04,0.24,0.00,0.00,1.44,0.96,0.00,0.96,0.96,0.00,0.24,0.00,0.00,0.00,3.11,0.00,8.85,0.00,0.00,
경북,군위군,0.00,0.00,0.00,0.00,0.00,0.00,0.00,0.00,0.00,0.00,0.00,0.00,0.00,0.00,0.00,0.00,0.00,0.00,0.00,0.00,0.00,0.00,0.00,0.00,0.00,0.00,0.00,0.00,0.00,0.00,0.00,0.00,0.00,0.00,0.00,0.00,0.00,0.00,0.00,0.00,0.00,0.00,0.00,0.00,0.00,0.00,0.00,0.00,0.00,0.00,0.00,0.00,0.00,0.00,0.00,0.00,0.00,0.00,0.00,0.00,0.00,0.00,0.00,0.00,0.00,0.00,
경북,김천시,0.00,0.00,0.00,0.00,0.00,0.00,0.00,0.00,0.00,0.00,0.00,0.00,0.00,0.00,0.00,0.00,0.00,480.52,0.00,0.00,0.00,0.71,0.00,1.42,17.74,51.10,119.24,0.00,0.00,0.00,0.00,0.00,1.42,0.00,59.62,0.00,295.98,12.07,0.00,1.42,0.00,78.79,0.00,7.81,0.00,0.00,0.00,283.91,2.13,0.00,0.00,6.39,0.71,0.00,0.00,1.42,0.00,0.00,0.00,0.00,0.00,7.10,0.00,6.39,0.00,0.00,
경북,문경시,0.00,0.00,0.00,0.00,0.00,0.00,0.00,0.00,0.00,0.00,0.00,0.00,0.00,0.00,0.00,0.00,0.00,199.10,2.78,0.00,0.00,0.00,0.00,6.96,20.88,61.26,109.99,0.00,0.00,0.00,0.00,0.00,4.18,0.00,6.96,0.00,293.77,2.78,0.00,4.18,0.00,79.36,1.39,8.35,0.00,0.00,0.00,26.45,8.35,0.00,0.00,8.35,1.39,0.00,0.00,1.39,0.00,0.00,0.00,0.00,0.00,6.96,0.00,9.75,0.00,0.00,
경북,봉화군,0.00,0.00,0.00,0.00,0.00,0.00,0.00,0.00,0.00,0.00,0.00,0.00,0.00,0.00,0.00,0.00,0.00,138.27,0.00,0.00,0.00,0.00,0.00,6.28,25.14,31.42,31.42,0.00,0.00,0.00,0.00,0.00,0.00,0.00,6.28,0.00,78.56,15.71,0.00,0.00,0.00,100.56,0.00,6.28,0.00,0.00,0.00,3.14,0.00,0.00,0.00,6.28,0.00,0.00,0.00,0.00,0.00,0.00,0.00,0.00,0.00,18.85,0.00,9.43,0.00,0.00,
경북,상주시,0.00,0.00,0.00,0.00,0.00,0.00,0.00,0.00,0.00,0.00,0.00,0.00,0.00,0.00,0.00,0.00,0.00,331.45,0.00,0.00,1.01,0.00,1.01,1.01,20.21,25.26,58.61,0.00,0.00,0.00,0.00,0.00,4.04,0.00,12.13,0.00,132.38,5.05,1.01,5.05,0.00,61.64,1.01,9.09,0.00,0.00,0.00,391.08,2.02,0.00,0.00,32.34,1.01,0.00,2.02,5.05,0.00,0.00,0.00,1.01,0.00,10.11,0.00,4.04,0.00,0.00,
경북,성주군,0.00,0.00,0.00,0.00,0.00,0.00,0.00,0.00,0.00,0.00,0.00,0.00,0.00,0.00,0.00,0.00,0.00,178.43,0.00,0.00,0.00,2.29,0.00,2.29,20.59,20.59,32.03,0.00,0.00,0.00,0.00,0.00,2.29,0.00,0.00,0.00,11.44,9.15,0.00,4.58,0.00,75.49,0.00,9.15,0.00,0.00,0.00,267.64,9.15,0.00,0.00,18.30,0.00,0.00,4.58,16.01,0.00,0.00,0.00,0.00,0.00,6.86,0.00,2.29,0.00,0.00,
경북,안동시,0.00,0.00,0.00,0.00,0.00,0.00,0.00,0.00,0.00,0.00,0.00,0.00,0.00,0.00,0.00,0.00,0.00,292.20,0.00,0.00,0.00,0.00,0.00,13.79,18.81,132.93,52.04,0.00,0.00,0.00,0.00,0.00,1.25,0.00,25.71,0.00,1140.58,11.29,0.63,1.88,0.00,203.16,0.00,2.51,0.00,0.00,0.00,8.78,0.63,0.00,0.00,8.78,1.25,0.00,0.63,1.25,0.00,0.00,0.00,0.00,0.00,6.27,0.00,6.90,0.00,0.00,
경북,영덕군,0.00,0.00,0.00,0.00,0.00,0.00,0.00,0.00,0.00,0.00,0.00,0.00,0.00,0.00,0.00,0.00,0.00,363.76,0.00,0.00,2.71,0.00,0.00,0.00,16.29,81.44,51.58,0.00,0.00,0.00,0.00,0.00,2.71,0.00,24.43,0.00,249.75,10.86,0.00,0.00,0.00,105.87,0.00,10.86,0.00,0.00,0.00,40.72,0.00,0.00,0.00,8.14,2.71,0.00,0.00,2.71,0.00,0.00,0.00,0.00,0.00,19.00,0.00,5.43,0.00,0.00,
경북,영양군,0.00,0.00,0.00,0.00,0.00,0.00,0.00,0.00,0.00,0.00,0.00,0.00,0.00,0.00,0.00,0.00,0.00,243.42,0.00,0.00,0.00,0.00,5.94,0.00,65.31,53.43,71.25,0.00,0.00,0.00,0.00,0.00,0.00,0.00,23.75,0.00,0.00,11.87,0.00,0.00,0.00,124.68,0.00,0.00,0.00,0.00,0.00,11.87,0.00,0.00,0.00,5.94,0.00,0.00,0.00,0.00,0.00,0.00,0.00,0.00,0.00,29.69,0.00,0.00,0.00,0.00,
경북,영주시,0.00,0.00,0.00,0.00,0.00,0.00,0.00,0.00,0.00,0.00,0.00,0.00,0.00,0.00,0.00,0.00,0.00,476.50,0.00,0.00,0.96,0.00,0.00,8.65,27.86,88.38,85.50,0.00,0.00,0.00,0.00,0.00,3.84,0.00,27.86,0.00,116.24,13.45,0.00,2.88,2.88,105.67,0.00,2.88,0.00,0.00,0.00,3.84,1.92,0.00,0.00,5.76,0.00,0.00,0.00,0.00,0.00,0.00,0.00,0.00,0.00,5.76,0.00,6.72,0.00,0.00,
경북,영천시,0.00,0.00,0.00,0.00,0.00,0.00,0.00,0.00,0.00,0.00,0.00,0.00,0.00,0.00,0.00,0.00,0.00,348.19,0.00,0.00,0.00,0.00,0.00,0.98,22.50,34.23,48.90,0.00,0.00,0.00,0.00,0.00,0.00,0.00,11.74,0.00,55.75,3.91,0.00,1.96,0.00,77.27,2.93,8.80,0.00,0.00,0.00,124.21,1.96,0.00,0.00,3.91,0.00,0.00,0.00,0.00,0.00,0.00,0.00,0.00,0.00,10.76,0.00,6.85,0.00,0.00,
경북,예천군,0.00,0.00,0.00,0.00,0.00,0.00,0.00,0.00,0.00,0.00,0.00,0.00,0.00,0.00,0.00,0.00,0.00,289.03,0.00,0.00,0.00,0.00,0.00,16.26,41.55,200.52,19.87,0.00,0.00,0.00,0.00,0.00,3.61,0.00,46.97,0.00,39.74,9.03,0.00,7.23,0.00,86.71,1.81,9.03,0.00,0.00,0.00,10.84,5.42,0.00,0.00,10.84,0.00,0.00,0.00,1.81,0.00,1.81,0.00,0.00,0.00,10.84,0.00,7.23,0.00,0.00,
경북,울릉군,0.00,0.00,0.00,0.00,0.00,0.00,0.00,0.00,0.00,0.00,0.00,0.00,0.00,0.00,0.00,0.00,0.00,449.34,0.00,0.00,0.00,0.00,0.00,0.00,32.10,0.00,42.79,0.00,0.00,0.00,0.00,0.00,0.00,0.00,32.10,0.00,21.40,10.70,0.00,0.00,0.00,171.18,0.00,0.00,0.00,0.00,0.00,21.40,0.00,0.00,0.00,0.00,0.00,0.00,0.00,0.00,0.00,0.00,0.00,0.00,0.00,0.00,0.00,0.00,0.00,0.00,
경북,울진군,0.00,0.00,0.00,0.00,0.00,0.00,0.00,0.00,0.00,0.00,0.00,0.00,0.00,0.00,0.00,0.00,0.00,230.54,0.00,0.00,2.04,0.00,4.08,0.00,28.56,32.64,106.09,0.00,0.00,0.00,0.00,0.00,8.16,2.04,20.40,0.00,18.36,6.12,0.00,0.00,2.04,91.81,0.00,8.16,0.00,0.00,0.00,14.28,0.00,0.00,0.00,0.00,0.00,0.00,0.00,0.00,0.00,0.00,0.00,0.00,0.00,12.24,0.00,4.08,0.00,0.00,
경북,의성군,0.00,0.00,0.00,0.00,0.00,0.00,0.00,0.00,0.00,0.00,0.00,0.00,0.00,0.00,0.00,0.00,0.00,180.21,0.00,0.00,0.00,0.00,0.00,0.00,15.34,49.85,38.34,0.00,0.00,0.00,0.00,0.00,5.75,0.00,7.67,0.00,5.75,11.50,1.92,5.75,0.00,90.11,1.92,13.42,0.00,0.00,0.00,24.92,1.92,0.00,0.00,7.67,0.00,0.00,0.00,0.00,0.00,0.00,0.00,0.00,0.00,17.25,0.00,9.59,0.00,0.00,
경북,청도군,0.00,0.00,0.00,0.00,0.00,0.00,0.00,0.00,0.00,0.00,0.00,0.00,0.00,0.00,0.00,0.00,0.00,152.63,0.00,0.00,0.00,0.00,0.00,0.00,18.79,30.53,21.13,0.00,0.00,0.00,0.00,0.00,7.04,0.00,4.70,0.00,77.49,4.70,0.00,2.35,0.00,86.88,0.00,7.04,0.00,0.00,2.35,295.86,0.00,0.00,0.00,7.04,2.35,0.00,0.00,2.35,0.00,0.00,0.00,0.00,0.00,7.04,0.00,9.39,0.00,0.00,
경북,청송군,0.00,0.00,0.00,0.00,0.00,0.00,0.00,0.00,0.00,0.00,0.00,0.00,0.00,0.00,0.00,0.00,0.00,202.14,0.00,0.00,0.00,0.00,0.00,11.89,11.89,27.74,27.74,0.00,0.00,0.00,0.00,0.00,11.89,0.00,7.93,0.00,0.00,7.93,0.00,0.00,0.00,364.65,0.00,3.96,0.00,0.00,0.00,3.96,0.00,0.00,0.00,7.93,0.00,0.00,0.00,0.00,0.00,0.00,0.00,0.00,0.00,3.96,0.00,11.89,0.00,0.00,
경북,칠곡군,0.00,0.00,0.00,0.00,0.00,0.00,0.00,0.00,0.00,0.00,0.00,0.00,0.00,0.00,0.00,0.00,0.00,415.86,0.00,0.00,1.73,1.73,0.00,0.86,18.12,69.02,92.32,0.00,0.00,0.00,0.00,0.00,3.45,0.00,6.90,0.00,59.53,6.90,0.00,4.31,0.00,84.55,1.73,7.77,0.86,0.00,0.00,96.63,3.45,0.00,0.00,4.31,0.86,0.00,0.86,1.73,0.00,0.86,0.00,0.00,0.00,0.86,0.00,9.49,0.00,0.00,
경북,포항시 남구,0.00,0.00,0.00,0.00,0.00,0.00,0.00,0.00,0.00,0.00,0.00,0.00,0.00,0.00,0.00,0.00,0.00,395.66,0.00,0.00,0.43,0.00,0.00,5.15,15.45,89.69,116.30,0.00,0.00,0.00,0.00,0.00,8.15,0.00,105.14,0.00,576.33,12.44,0.86,5.58,0.43,207.27,0.86,9.01,2.15,0.00,0.00,30.47,2.57,0.00,0.00,0.86,0.43,0.00,1.72,0.00,0.00,0.00,0.00,0.00,0.00,4.29,0.00,7.30,0.00,0.00,
경북,포항시 북구,0.00,0.00,0.00,0.00,0.00,0.00,0.00,0.00,0.00,0.00,0.00,0.00,0.00,0.00,0.00,0.00,0.00,355.96,0.00,0.00,2.94,0.00,0.37,2.94,20.96,33.83,90.09,0.00,0.00,0.00,0.00,0.00,7.35,0.00,103.33,0.00,114.36,7.35,0.37,2.21,0.00,89.36,1.84,7.35,1.84,0.00,0.00,35.67,0.37,0.00,0.00,1.84,0.74,0.00,0.37,1.10,0.00,0.00,0.00,0.00,0.00,7.35,0.00,9.19,0.00,0.00,
경북,포항시,-,-,-,-,-,-,-,-,-,-,-,-,-,-,-,-,-,-,-,-,-,-,-,-,-,-,-,-,-,-,-,-,-,-,-,-,-,-,-,-,-,-,-,-,-,-,-,-,-,-,-,-,-,-,-,-,-,-,-,-,-,-,-,-,-,-,
경남,경남,0.00,0.00,0.00,0.00,0.00,0.00,0.00,0.00,0.00,0.00,0.00,0.00,0.00,0.00,0.00,0.00,0.00,435.16,0.33,0.00,0.75,0.33,0.33,2.51,9.49,146.48,111.33,0.00,0.00,0.00,0.06,0.03,4.42,0.06,59.14,0.06,404.55,8.00,0.39,3.97,0.12,159.22,0.63,4.71,1.49,0.00,0.30,190.88,1.91,0.24,0.00,5.79,0.54,0.00,0.90,0.66,0.00,0.33,0.00,0.03,0.09,3.70,0.00,7.25,0.09,0.00,
경남,거제시,0.00,0.00,0.00,0.00,0.00,0.00,0.00,0.00,0.00,0.00,0.00,0.00,0.00,0.00,0.00,0.00,0.00,591.46,0.40,0.00,0.00,0.81,0.40,0.81,7.69,148.17,190.27,0.00,0.00,0.00,0.00,0.00,2.02,0.00,65.18,0.00,113.76,3.24,0.00,2.02,0.00,113.76,2.83,6.07,0.81,0.00,0.00,300.79,2.02,0.00,0.00,6.48,0.40,0.00,0.81,0.40,0.00,0.40,0.00,0.00,0.00,1.21,0.00,9.31,0.00,0.00,
경남,거창군,0.00,0.00,0.00,0.00,0.00,0.00,0.00,0.00,0.00,0.00,0.00,0.00,0.00,0.00,0.00,0.00,0.00,431.75,1.62,0.00,3.23,0.00,0.00,6.47,12.94,92.17,147.15,0.00,0.00,0.00,0.00,0.00,3.23,1.62,16.17,0.00,302.39,3.23,0.00,6.47,1.62,221.54,0.00,4.85,0.00,0.00,1.62,434.99,4.85,3.23,0.00,9.70,0.00,0.00,0.00,1.62,0.00,0.00,0.00,0.00,0.00,3.23,0.00,9.70,0.00,0.00,
경남,고성군,0.00,0.00,0.00,0.00,0.00,0.00,0.00,0.00,0.00,0.00,0.00,0.00,0.00,0.00,0.00,0.00,0.00,393.68,0.00,0.00,0.00,0.00,1.93,1.93,3.86,111.93,38.60,0.00,0.00,0.00,0.00,0.00,7.72,0.00,17.37,0.00,36.67,13.51,1.93,5.79,0.00,237.36,1.93,1.93,0.00,0.00,0.00,376.31,3.86,0.00,0.00,11.58,1.93,0.00,0.00,0.00,0.00,0.00,0.00,0.00,0.00,3.86,0.00,9.65,0.00,0.00,
경남,김해시,0.00,0.00,0.00,0.00,0.00,0.00,0.00,0.00,0.00,0.00,0.00,0.00,0.00,0.00,0.00,0.00,0.00,558.63,0.92,0.00,1.11,0.55,0.37,1.47,9.96,155.05,110.62,0.00,0.00,0.00,0.18,0.00,3.69,0.00,75.59,0.00,125.37,5.72,0.37,3.69,0.00,158.92,0.74,2.95,1.47,0.00,0.00,97.35,0.37,0.00,0.00,1.11,0.37,0.00,1.11,0.18,0.00,0.18,0.00,0.00,0.00,0.55,0.00,6.27,0.18,0.00,
경남,남해군,0.00,0.00,0.00,0.00,0.00,0.00,0.00,0.00,0.00,0.00,0.00,0.00,0.00,0.00,0.00,0.00,0.00,270.27,0.00,0.00,0.00,0.00,0.00,6.93,6.93,161.70,87.78,0.00,0.00,0.00,0.00,0.00,2.31,0.00,11.55,0.00,164.01,9.24,2.31,4.62,0.00,773.85,0.00,4.62,6.93,0.00,0.00,341.88,9.24,0.00,0.00,20.79,2.31,0.00,0.00,0.00,0.00,0.00,0.00,0.00,0.00,4.62,0.00,2.31,0.00,0.00,
경남,마산시,-,-,-,-,-,-,-,-,-,-,-,-,-,-,-,-,-,-,-,-,-,-,-,-,-,-,-,-,-,-,-,-,-,-,-,-,-,-,-,-,-,-,-,-,-,-,-,-,-,-,-,-,-,-,-,-,-,-,-,-,-,-,-,-,-,-,
경남,밀양시,0.00,0.00,0.00,0.00,0.00,0.00,0.00,0.00,0.00,0.00,0.00,0.00,0.00,0.00,0.00,0.00,0.00,400.22,0.00,0.00,0.95,2.85,0.00,1.90,12.36,147.35,128.34,0.00,0.00,0.00,0.00,0.00,0.95,0.00,9.51,0.00,231.96,4.75,0.95,9.51,0.00,210.09,0.00,6.65,0.00,0.00,0.00,151.15,1.90,2.85,0.00,1.90,0.00,0.00,0.95,1.90,0.00,1.90,0.00,0.00,0.00,3.80,0.00,3.80,0.00,0.00,
경남,사천시,0.00,0.00,0.00,0.00,0.00,0.00,0.00,0.00,0.00,0.00,0.00,0.00,0.00,0.00,0.00,0.00,0.00,319.24,0.90,0.00,0.90,0.00,0.90,0.90,11.66,237.64,51.11,0.00,0.00,0.00,0.00,0.00,8.07,0.00,44.84,0.00,509.35,7.17,0.00,4.48,0.00,318.34,0.00,4.48,8.07,0.00,0.00,158.72,1.79,0.00,0.00,7.17,0.90,0.00,0.00,0.00,0.00,1.79,0.00,0.00,0.90,3.59,0.00,7.17,0.00,0.00,
경남,산청군,0.00,0.00,0.00,0.00,0.00,0.00,0.00,0.00,0.00,0.00,0.00,0.00,0.00,0.00,0.00,0.00,0.00,315.91,0.00,0.00,0.00,0.00,0.00,0.00,14.23,14.23,79.69,0.00,0.00,0.00,0.00,0.00,11.38,0.00,14.23,0.00,5.69,22.77,0.00,5.69,0.00,142.30,0.00,14.23,0.00,0.00,0.00,648.89,2.85,2.85,0.00,2.85,5.69,0.00,0.00,0.00,0.00,0.00,0.00,0.00,0.00,28.46,0.00,0.00,0.00,0.00,
경남,양산시,0.00,0.00,0.00,0.00,0.00,0.00,0.00,0.00,0.00,0.00,0.00,0.00,0.00,0.00,0.00,0.00,0.00,410.25,0.00,0.00,0.57,0.00,0.00,0.57,8.25,65.15,97.87,0.00,0.00,0.00,0.00,0.00,4.84,0.00,54.62,0.28,456.62,2.28,0.28,3.98,0.00,127.74,0.28,2.84,0.57,0.00,1.71,105.26,0.28,0.28,0.00,0.85,0.57,0.00,2.28,0.57,0.00,0.85,0.00,0.28,0.00,1.71,0.00,6.54,0.28,0.00,
경남,의령군,0.00,0.00,0.00,0.00,0.00,0.00,0.00,0.00,0.00,0.00,0.00,0.00,0.00,0.00,0.00,0.00,0.00,248.30,0.00,0.00,0.00,0.00,0.00,0.00,7.41,129.71,29.65,0.00,0.00,0.00,0.00,0.00,11.12,0.00,18.53,0.00,7.41,22.24,3.71,3.71,0.00,126.00,3.71,11.12,0.00,0.00,3.71,641.12,3.71,0.00,0.00,25.94,0.00,0.00,0.00,7.41,0.00,0.00,0.00,0.00,0.00,37.06,0.00,0.00,0.00,0.00,
경남,진주시,0.00,0.00,0.00,0.00,0.00,0.00,0.00,0.00,0.00,0.00,0.00,0.00,0.00,0.00,0.00,0.00,0.00,699.71,0.00,0.00,0.29,0.29,0.58,1.15,8.05,64.13,205.34,0.00,0.00,0.00,0.00,0.29,7.19,0.29,29.33,0.29,1076.46,13.23,0.00,5.18,0.58,143.80,0.58,9.78,1.15,0.00,0.00,154.15,1.44,0.00,0.00,0.58,1.15,0.00,0.58,0.00,0.00,0.00,0.00,0.00,0.29,4.89,0.00,5.18,0.00,0.00,
경남,진해시,-,-,-,-,-,-,-,-,-,-,-,-,-,-,-,-,-,-,-,-,-,-,-,-,-,-,-,-,-,-,-,-,-,-,-,-,-,-,-,-,-,-,-,-,-,-,-,-,-,-,-,-,-,-,-,-,-,-,-,-,-,-,-,-,-,-,
경남,창녕군,0.00,0.00,0.00,0.00,0.00,0.00,0.00,0.00,0.00,0.00,0.00,0.00,0.00,0.00,0.00,0.00,0.00,292.80,0.00,0.00,3.24,0.00,0.00,3.24,12.94,131.03,37.21,0.00,0.00,0.00,0.00,0.00,8.09,0.00,50.15,0.00,16.18,1.62,1.62,4.85,0.00,153.68,0.00,6.47,3.24,0.00,1.62,276.63,3.24,0.00,0.00,6.47,1.62,0.00,1.62,1.62,0.00,0.00,0.00,0.00,0.00,12.94,0.00,4.85,0.00,0.00,
경남,창원시,-,-,-,-,-,-,-,-,-,-,-,-,-,-,-,-,-,-,-,-,-,-,-,-,-,-,-,-,-,-,-,-,-,-,-,-,-,-,-,-,-,-,-,-,-,-,-,-,-,-,-,-,-,-,-,-,-,-,-,-,-,-,-,-,-,-,
경남,통영시,0.00,0.00,0.00,0.00,0.00,0.00,0.00,0.00,0.00,0.00,0.00,0.00,0.00,0.00,0.00,0.00,0.00,421.26,0.00,0.00,3.08,0.77,2.31,0.00,16.17,124.76,80.09,0.00,0.00,0.00,0.00,0.00,6.93,0.00,101.66,0.00,214.86,11.55,0.00,5.39,0.00,321.14,0.00,3.08,2.31,0.00,0.00,147.09,3.08,0.00,0.00,13.09,1.54,0.00,0.00,0.77,0.00,0.00,0.00,0.00,0.00,1.54,0.00,9.24,0.00,0.00,
경남,하동군,0.00,0.00,0.00,0.00,0.00,0.00,0.00,0.00,0.00,0.00,0.00,0.00,0.00,0.00,0.00,0.00,0.00,210.16,0.00,0.00,2.19,0.00,0.00,4.38,8.76,87.57,32.84,0.00,0.00,0.00,0.00,0.00,2.19,0.00,6.57,0.00,6.57,8.76,2.19,0.00,0.00,238.62,0.00,10.95,6.57,0.00,0.00,895.36,15.32,0.00,0.00,65.67,0.00,0.00,0.00,2.19,0.00,0.00,0.00,0.00,0.00,26.27,0.00,4.38,0.00,0.00,
경남,함안군,0.00,0.00,0.00,0.00,0.00,0.00,0.00,0.00,0.00,0.00,0.00,0.00,0.00,0.00,0.00,0.00,0.00,380.35,0.00,0.00,0.00,0.00,0.00,21.56,13.86,283.33,121.65,0.00,0.00,0.00,0.00,0.00,6.16,0.00,164.76,0.00,152.45,7.70,0.00,6.16,0.00,398.82,0.00,1.54,1.54,0.00,0.00,274.09,4.62,0.00,0.00,12.32,0.00,0.00,0.00,4.62,0.00,0.00,0.00,0.00,0.00,6.16,0.00,3.08,0.00,0.00,
경남,함양군,0.00,0.00,0.00,0.00,0.00,0.00,0.00,0.00,0.00,0.00,0.00,0.00,0.00,0.00,0.00,0.00,0.00,480.20,0.00,0.00,0.00,0.00,0.00,0.00,15.24,223.58,154.98,0.00,0.00,0.00,0.00,0.00,5.08,0.00,15.24,0.00,518.31,5.08,0.00,2.54,0.00,144.82,0.00,5.08,0.00,0.00,0.00,497.98,0.00,0.00,0.00,5.08,0.00,0.00,0.00,0.00,0.00,0.00,0.00,0.00,0.00,15.24,0.00,15.24,0.00,0.00,
경남,합천군,0.00,0.00,0.00,0.00,0.00,0.00,0.00,0.00,0.00,0.00,0.00,0.00,0.00,0.00,0.00,0.00,0.00,145.72,2.24,0.00,0.00,0.00,0.00,4.48,6.73,4.48,42.60,0.00,0.00,0.00,0.00,0.00,6.73,0.00,4.48,0.00,17.94,8.97,0.00,2.24,0.00,107.61,0.00,8.97,4.48,0.00,0.00,1179.24,8.97,0.00,0.00,42.60,0.00,0.00,2.24,0.00,0.00,0.00,0.00,0.00,0.00,40.35,0.00,6.73,0.00,0.00,
경남,창원시 마산합포구,0.00,0.00,0.00,0.00,0.00,0.00,0.00,0.00,0.00,0.00,0.00,0.00,0.00,0.00,0.00,0.00,0.00,256.29,0.57,0.00,0.57,0.00,0.00,1.70,7.92,207.64,80.34,0.00,0.00,0.00,0.00,0.00,4.53,0.00,104.10,0.00,547.67,15.28,0.57,5.66,0.00,116.55,0.00,5.66,2.26,0.00,0.00,185.57,1.13,0.00,0.00,7.36,0.00,0.00,1.70,1.70,0.00,0.00,0.00,0.00,0.00,0.00,0.00,5.09,0.57,0.00,
경남,창원시 마산회원구,0.00,0.00,0.00,0.00,0.00,0.00,0.00,0.00,0.00,0.00,0.00,0.00,0.00,0.00,0.00,0.00,0.00,297.07,0.00,0.00,0.00,0.00,0.00,3.12,10.39,339.66,105.43,0.00,0.00,0.00,0.52,0.00,3.64,0.00,109.06,0.00,755.66,7.79,1.04,1.56,0.00,111.14,0.00,7.27,0.52,0.00,0.00,136.59,3.64,0.52,0.00,8.31,0.00,0.00,0.52,1.04,0.00,0.52,0.00,0.00,0.00,1.04,0.00,6.75,0.00,0.00,
경남,창원시 성산구,0.00,0.00,0.00,0.00,0.00,0.00,0.00,0.00,0.00,0.00,0.00,0.00,0.00,0.00,0.00,0.00,0.00,454.17,0.00,0.00,0.46,0.00,0.46,2.30,6.89,163.03,88.17,0.00,0.00,0.00,0.00,0.00,2.76,0.00,47.30,0.00,557.96,7.81,0.00,2.76,0.00,55.57,0.46,1.38,0.46,0.00,0.00,78.07,1.38,0.00,0.00,2.76,0.00,0.00,0.46,0.46,0.00,0.46,0.00,0.00,0.00,1.38,0.00,13.32,0.00,0.00,
경남,창원시 의창구,0.00,0.00,0.00,0.00,0.00,0.00,0.00,0.00,0.00,0.00,0.00,0.00,0.00,0.00,0.00,0.00,0.00,216.13,0.00,0.00,0.38,0.38,0.00,6.53,6.53,136.66,65.64,0.00,0.00,0.00,0.00,0.00,2.69,0.00,52.59,0.00,693.30,10.75,0.38,3.07,0.38,89.45,1.15,1.54,0.77,0.00,0.38,92.52,1.15,0.00,0.00,2.30,0.00,0.00,0.38,0.38,0.00,0.00,0.00,0.00,0.38,1.15,0.00,8.83,0.00,0.00,
경남,창원시 진해구,0.00,0.00,0.00,0.00,0.00,0.00,0.00,0.00,0.00,0.00,0.00,0.00,0.00,0.00,0.00,0.00,0.00,400.13,0.52,0.00,1.04,0.00,0.00,3.11,12.94,163.57,112.33,0.00,0.00,0.00,0.00,0.00,2.59,0.00,55.90,0.00,56.42,8.80,0.00,3.11,0.00,119.05,0.52,3.11,1.55,0.00,0.00,102.49,0.52,0.00,0.00,3.62,0.52,0.00,1.55,0.00,0.00,0.00,0.00,0.00,0.00,1.55,0.00,9.83,0.00,0.00,
제주,제주,0.00,0.00,0.00,0.00,0.00,0.00,0.00,0.00,0.00,0.00,0.00,0.00,0.00,0.00,0.00,0.00,0.00,687.26,0.30,0.00,0.15,0.15,0.59,7.58,39.83,162.75,128.86,0.00,0.00,0.00,0.15,0.00,9.96,0.00,50.98,0.00,232.16,7.13,0.00,3.42,0.00,98.39,0.59,24.52,0.30,0.00,0.15,45.48,0.00,0.00,0.00,3.57,0.74,0.00,0.89,0.00,0.00,0.30,0.00,0.00,0.00,9.66,0.00,10.26,0.00,0.15,
제주,서귀포시,0.00,0.00,0.00,0.00,0.00,0.00,0.00,0.00,0.00,0.00,0.00,0.00,0.00,0.00,0.00,0.00,0.00,489.34,0.00,0.00,0.00,0.00,0.55,3.85,39.59,65.98,141.85,0.00,0.00,0.00,0.00,0.00,8.25,0.00,50.03,0.00,95.12,6.60,0.00,4.40,0.00,144.60,1.10,14.30,0.00,0.00,0.00,77.52,0.00,0.00,0.00,2.75,1.65,0.00,1.10,0.00,0.00,0.00,0.00,0.00,0.00,14.85,0.00,13.75,0.00,0.00,
제주,제주시,0.00,0.00,0.00,0.00,0.00,0.00,0.00,0.00,0.00,0.00,0.00,0.00,0.00,0.00,0.00,0.00,0.00,760.59,0.41,0.00,0.20,0.20,0.61,8.96,39.92,198.60,124.05,0.00,0.00,0.00,0.20,0.00,10.59,0.00,51.33,0.00,282.93,7.33,0.00,3.06,0.00,81.27,0.41,28.31,0.41,0.00,0.20,33.61,0.00,0.00,0.00,3.87,0.41,0.00,0.81,0.00,0.00,0.41,0.00,0.00,0.00,7.74,0.00,8.96,0.00,0.20,
제주,남제주군,-,-,-,-,-,-,-,-,-,-,-,-,-,-,-,-,-,-,-,-,-,-,-,-,-,-,-,-,-,-,-,-,-,-,-,-,-,-,-,-,-,-,-,-,-,-,-,-,-,-,-,-,-,-,-,-,-,-,-,-,-,-,-,-,-,-,
제주,북제주군,-,-,-,-,-,-,-,-,-,-,-,-,-,-,-,-,-,-,-,-,-,-,-,-,-,-,-,-,-,-,-,-,-,-,-,-,-,-,-,-,-,-,-,-,-,-,-,-,-,-,-,-,-,-,-,-,-,-,-,-,-,-,-,-,-,-,
세종,세종,0.00,0.00,0.00,0.00,0.00,0.00,0.00,0.00,0.00,0.00,0.00,0.00,0.00,0.00,0.00,0.00,0.00,508.32,0.00,0.00,0.00,0.29,1.72,4.02,32.17,197.30,113.73,0.00,0.00,0.00,0.00,0.00,3.73,0.00,47.39,0.00,57.72,6.32,0.57,2.87,0.29,37.62,1.15,2.58,0.00,0.00,0.29,57.44,3.16,0.00,0.00,2.87,0.57,0.00,0.57,0.57,0.00,0.00,0.00,0.00,0.29,3.45,0.00,7.75,0.00,0.00,
세종,세종시,0.00,0.00,0.00,0.00,0.00,0.00,0.00,0.00,0.00,0.00,0.00,0.00,0.00,0.00,0.00,0.00,0.00,508.32,0.00,0.00,0.00,0.29,1.72,4.02,32.17,197.30,113.73,0.00,0.00,0.00,0.00,0.00,3.73,0.00,47.39,0.00,57.72,6.32,0.57,2.87,0.29,37.62,1.15,2.58,0.00,0.00,0.29,57.44,3.16,0.00,0.00,2.87,0.57,0.00,0.57,0.57,0.00,0.00,0.00,0.00,0.29,3.45,0.00,7.75,0.00,0.00,
